1,message,1,Reactive radical hub,2023-02-27 01:27:52,513,357
2,story,1,Extended impactful parallelism,2023-02-27 09:17:12,903,143
3,story,0,Open-source reciprocal alliance,2023-02-28 19:12:42,168,753
4,message,0,Down-sized coherent conglomeration,2023-02-28 11:19:21,227,992
5,story,0,Extended systemic projection,2023-02-28 04:44:19,640,264
6,story,1,Optional explicit conglomeration,2023-02-27 22:54:42,849,980
7,message,1,Realigned 24/7 support,2023-02-28 04:24:48,80,430
8,message,0,Stand-alone fault-tolerant product,2023-02-27 21:31:48,423,760
9,story,1,Focused fresh-thinking groupware,2023-02-28 12:00:03,3,83
10,message,0,Centralized user-facing process improvement,2023-02-28 13:38:20,975,892
11,message,0,Automated optimal approach,2023-02-27 20:52:53,915,52
12,story,0,Vision-oriented hybrid benchmark,2023-02-28 11:39:02,659,117
13,story,0,Inverse client-driven database,2023-02-28 03:01:20,943,355
14,story,1,Switchable stable capacity,2023-02-27 06:27:04,491,152
15,story,1,Advanced object-oriented service-desk,2023-02-28 01:44:51,742,732
16,message,0,Re-engineered exuding model,2023-02-28 03:35:24,379,928
17,message,0,Multi-layered multimedia time-frame,2023-02-27 00:13:14,440,72
18,message,0,Stand-alone maximized moderator,2023-02-28 01:38:25,162,681
19,story,0,Quality-focused homogeneous customer loyalty,2023-02-28 21:02:44,798,519
20,story,1,Vision-oriented web-enabled synergy,2023-02-28 00:58:10,161,639
21,story,0,Fundamental cohesive collaboration,2023-02-28 15:27:52,766,211
22,message,0,Public-key optimizing attitude,2023-02-27 20:33:44,193,774
23,story,0,Front-line empowering service-desk,2023-02-27 09:02:18,520,412
24,message,0,De-engineered encompassing analyzer,2023-02-27 09:30:59,690,861
25,story,1,Cross-group multi-state access,2023-02-27 16:05:01,415,995
26,message,1,Sharable even-keeled internet solution,2023-02-27 08:29:16,176,438
27,message,1,Self-enabling non-volatile instruction set,2023-02-28 13:53:20,442,812
28,message,1,Self-enabling content-based moderator,2023-02-27 08:31:58,781,741
29,story,1,Enterprise-wide bifurcated open system,2023-02-27 02:24:58,96,475
30,message,0,Realigned needs-based migration,2023-02-27 22:36:55,928,463
31,story,1,Multi-tiered high-level encryption,2023-02-27 08:01:23,40,8
32,message,0,Optional contextually-based parallelism,2023-02-28 01:10:33,450,490
33,story,1,Automated needs-based process improvement,2023-02-28 05:13:32,913,261
34,message,1,Advanced needs-based application,2023-02-28 09:52:53,546,3
35,message,1,Managed local service-desk,2023-02-27 13:13:53,592,529
36,message,1,Vision-oriented reciprocal ability,2023-02-27 01:00:07,549,884
37,story,0,Fundamental tertiary implementation,2023-02-27 20:17:23,868,423
38,story,0,Object-based disintermediate projection,2023-02-27 19:36:09,691,651
39,message,1,User-centric full-range hub,2023-02-27 15:59:31,77,155
40,message,1,Object-based optimizing framework,2023-02-27 05:07:45,727,181
41,story,0,Cross-group real-time matrix,2023-02-28 23:21:41,44,434
42,message,0,Synergistic zero defect architecture,2023-02-28 11:21:32,830,970
43,message,0,Multi-layered asymmetric flexibility,2023-02-27 12:45:05,1000,648
44,message,0,Automated encompassing moderator,2023-02-28 09:25:38,776,79
45,story,1,Fully-configurable disintermediate encoding,2023-02-28 02:45:44,854,309
46,message,0,Advanced 5th generation function,2023-02-28 16:35:05,474,916
47,story,1,Right-sized exuding extranet,2023-02-28 04:04:38,458,569
48,message,1,Versatile non-volatile implementation,2023-02-27 10:02:01,405,990
49,message,0,Programmable local capacity,2023-02-28 08:40:44,971,487
50,story,0,Open-architected maximized groupware,2023-02-28 18:52:43,608,834
51,message,0,Implemented grid-enabled concept,2023-02-27 05:43:31,197,133
52,message,1,Face to face mobile portal,2023-02-27 15:04:25,351,399
53,message,0,Realigned multi-tasking orchestration,2023-02-28 12:58:57,122,563
54,message,1,Digitized disintermediate success,2023-02-28 13:34:43,354,436
55,message,0,Open-architected human-resource encryption,2023-02-27 08:36:24,473,27
56,message,1,Polarised asymmetric attitude,2023-02-28 17:27:39,362,194
57,message,1,Total background website,2023-02-28 21:43:23,956,726
58,story,0,Persevering 24/7 website,2023-02-28 20:03:09,716,969
59,story,1,Synchronised incremental architecture,2023-02-28 00:24:41,290,679
60,message,0,Compatible reciprocal hardware,2023-02-28 01:18:32,489,976
61,story,0,Operative homogeneous firmware,2023-02-28 04:08:17,434,820
62,message,0,Synergistic holistic throughput,2023-02-27 14:26:50,690,509
63,story,1,Operative 5th generation migration,2023-02-27 00:50:32,901,392
64,message,0,Cloned encompassing capacity,2023-02-28 03:43:43,642,365
65,story,1,Centralized human-resource analyzer,2023-02-28 22:07:26,112,589
66,message,1,Vision-oriented asynchronous solution,2023-02-28 12:52:03,54,697
67,story,1,Reactive systemic customer loyalty,2023-02-27 06:09:32,97,233
68,story,0,Adaptive neutral time-frame,2023-02-27 03:58:48,202,154
69,story,0,Decentralized dedicated pricing structure,2023-02-27 18:53:43,351,923
70,story,1,Cross-group bandwidth-monitored open system,2023-02-28 01:44:40,777,786
71,story,0,Multi-lateral cohesive project,2023-02-27 15:38:36,64,874
72,story,0,Open-source fresh-thinking protocol,2023-02-28 14:26:30,794,124
73,message,1,Multi-lateral logistical info-mediaries,2023-02-27 20:27:16,500,989
74,message,0,Advanced optimal database,2023-02-27 19:57:13,784,951
75,story,1,Team-oriented radical help-desk,2023-02-27 12:08:17,51,485
76,message,1,Organized fault-tolerant utilisation,2023-02-27 06:50:02,805,309
77,story,1,Devolved 4th generation open architecture,2023-02-27 22:52:22,434,825
78,message,0,Enhanced context-sensitive orchestration,2023-02-28 14:42:40,463,708
79,message,1,Decentralized bottom-line approach,2023-02-27 15:24:43,97,764
80,story,0,Decentralized value-added open architecture,2023-02-28 20:18:54,888,600
81,message,0,Vision-oriented analyzing conglomeration,2023-02-28 03:03:08,509,554
82,message,0,Balanced static attitude,2023-02-28 07:04:01,350,144
83,message,1,Stand-alone leading edge core,2023-02-27 15:18:29,172,569
84,story,1,Configurable radical utilisation,2023-02-27 15:39:09,316,868
85,message,0,Profound asymmetric forecast,2023-02-27 01:40:25,315,590
86,story,0,Operative stable pricing structure,2023-02-27 10:37:22,15,857
87,message,1,Centralized heuristic instruction set,2023-02-27 19:53:01,439,272
88,message,0,Ameliorated foreground forecast,2023-02-27 03:22:12,484,387
89,message,0,Re-engineered real-time success,2023-02-28 04:14:26,640,56
90,story,0,Enhanced 3rd generation firmware,2023-02-27 08:39:24,506,817
91,story,1,Organic client-server knowledge base,2023-02-28 12:28:48,307,507
92,message,0,Cloned multi-state monitoring,2023-02-28 17:11:07,175,425
93,message,1,Seamless zero tolerance matrix,2023-02-28 20:45:23,188,629
94,message,1,Self-enabling composite toolset,2023-02-27 22:25:42,696,132
95,story,0,Automated interactive product,2023-02-27 18:41:45,265,531
96,message,0,Phased human-resource methodology,2023-02-27 15:37:53,233,260
97,message,0,Optimized systemic benchmark,2023-02-28 06:56:54,2,15
98,story,0,Object-based intangible archive,2023-02-27 19:41:32,950,512
99,message,0,Pre-emptive methodical success,2023-02-28 21:25:03,289,582
100,message,0,Team-oriented encompassing conglomeration,2023-02-27 20:51:00,123,180
101,story,0,Networked modular extranet,2023-02-28 14:15:00,789,723
102,message,1,Re-engineered grid-enabled intranet,2023-02-27 14:04:08,816,416
103,story,0,Organized scalable process improvement,2023-02-28 09:35:27,537,317
104,message,1,Customer-focused solution-oriented success,2023-02-28 03:02:54,528,32
105,message,0,Future-proofed 6th generation success,2023-02-27 08:29:31,454,754
106,story,1,Function-based dynamic emulation,2023-02-28 18:24:20,903,596
107,story,1,Optional eco-centric project,2023-02-28 04:19:18,82,403
108,message,1,Re-contextualized explicit toolset,2023-02-28 19:11:20,486,55
109,story,1,Automated bifurcated emulation,2023-02-27 02:07:46,114,644
110,story,1,Expanded 3rd generation support,2023-02-27 21:23:50,644,865
111,story,1,Distributed hybrid contingency,2023-02-27 13:05:49,239,595
112,message,1,Synergized regional approach,2023-02-27 15:16:29,432,569
113,story,1,Polarised motivating matrices,2023-02-27 10:52:58,832,977
114,story,1,Versatile actuating middleware,2023-02-28 12:46:53,773,605
115,message,0,Decentralized methodical intranet,2023-02-28 04:26:47,105,693
116,story,1,Object-based zero defect data-warehouse,2023-02-27 13:51:55,865,201
117,story,0,Object-based systematic solution,2023-02-28 04:07:36,134,608
118,story,1,Public-key background Graphical User Interface,2023-02-27 05:14:03,500,613
119,message,0,Polarised asymmetric protocol,2023-02-28 15:38:44,215,411
120,story,1,Inverse real-time interface,2023-02-27 05:20:31,320,678
121,story,0,Total responsive projection,2023-02-27 14:52:46,336,27
122,story,0,Grass-roots incremental moratorium,2023-02-27 17:00:26,243,94
123,story,1,Profit-focused human-resource conglomeration,2023-02-28 01:44:50,450,325
124,message,1,Visionary zero defect flexibility,2023-02-27 02:26:58,98,478
125,story,0,Advanced fresh-thinking complexity,2023-02-27 08:29:51,72,9
126,message,1,Streamlined 24 hour middleware,2023-02-27 17:42:22,792,840
127,story,1,Devolved global software,2023-02-27 00:26:45,699,247
128,story,0,Ameliorated asymmetric circuit,2023-02-28 23:11:24,304,826
129,story,1,Diverse transitional extranet,2023-02-28 07:32:31,177,703
130,message,1,Cross-group needs-based service-desk,2023-02-27 05:15:54,295,110
131,story,1,Enterprise-wide homogeneous product,2023-02-27 23:35:37,979,309
132,message,0,Upgradable modular secured line,2023-02-28 01:23:26,646,456
133,story,1,Universal tangible ability,2023-02-27 06:16:05,414,44
134,story,1,Sharable even-keeled application,2023-02-28 12:04:34,482,386
135,story,0,Face to face content-based Graphical User Interface,2023-02-28 03:59:03,911,417
136,story,1,Multi-lateral multimedia definition,2023-02-27 08:03:15,264,759
137,message,0,Cloned multi-state array,2023-02-28 12:38:30,515,498
138,story,0,Open-source next generation migration,2023-02-28 10:25:35,119,449
139,story,1,Customer-focused neutral implementation,2023-02-27 04:42:37,247,864
140,message,1,Universal tertiary process improvement,2023-02-28 21:46:54,195,831
141,story,1,Grass-roots dynamic architecture,2023-02-28 10:56:35,718,239
142,story,0,Function-based actuating function,2023-02-27 22:12:11,820,163
143,message,0,Streamlined didactic emulation,2023-02-28 23:55:32,586,571
144,message,0,Customizable empowering hierarchy,2023-02-28 09:36:50,202,484
145,story,1,Integrated holistic concept,2023-02-28 15:39:32,66,7
146,message,1,Expanded 5th generation neural-net,2023-02-27 06:15:41,772,229
147,message,0,Intuitive empowering open architecture,2023-02-28 00:47:41,210,338
148,story,1,Enterprise-wide cohesive firmware,2023-02-28 10:59:25,233,134
149,story,0,Realigned mobile analyzer,2023-02-28 02:55:59,542,765
150,message,0,Programmable fresh-thinking customer loyalty,2023-02-27 12:40:03,243,68
151,story,0,Triple-buffered maximized standardization,2023-02-27 18:21:35,937,925
152,story,1,Programmable methodical application,2023-02-27 14:10:12,666,154
153,story,1,Synergized non-volatile intranet,2023-02-27 23:44:27,77,548
154,story,0,Triple-buffered leading edge pricing structure,2023-02-28 09:21:40,279,14
155,story,1,Reduced full-range productivity,2023-02-27 15:04:07,44,163
156,message,1,Polarised next generation challenge,2023-02-27 17:35:56,417,971
157,story,1,Team-oriented encompassing task-force,2023-02-28 19:19:58,498,899
158,story,0,Progressive transitional conglomeration,2023-02-27 07:06:49,834,785
159,message,1,Open-source contextually-based intranet,2023-02-28 14:54:53,509,929
160,story,1,Operative object-oriented circuit,2023-02-28 08:46:42,525,487
161,story,0,Face to face 24 hour capability,2023-02-27 23:08:33,236,210
162,story,1,Face to face system-worthy leverage,2023-02-27 07:18:34,98,373
163,message,0,Phased 24 hour pricing structure,2023-02-27 20:23:43,3,799
164,story,1,Robust non-volatile open system,2023-02-27 12:27:26,502,911
165,message,0,Up-sized object-oriented forecast,2023-02-27 18:04:24,869,135
166,message,0,Synergistic methodical moratorium,2023-02-28 08:57:09,367,121
167,message,0,Up-sized upward-trending product,2023-02-27 01:18:23,357,716
168,message,0,Reverse-engineered directional pricing structure,2023-02-27 11:39:29,750,276
169,message,0,Phased neutral project,2023-02-27 11:18:49,730,262
170,message,0,Secured fault-tolerant algorithm,2023-02-28 06:08:29,933,931
171,message,1,Operative background orchestration,2023-02-28 03:15:46,3,510
172,story,0,Expanded fault-tolerant array,2023-02-28 21:39:12,383,233
173,message,1,Reactive non-volatile neural-net,2023-02-28 13:29:33,959,408
174,message,1,Total hybrid groupware,2023-02-27 02:56:43,363,207
175,story,1,Virtual context-sensitive open system,2023-02-28 08:26:56,424,809
176,message,1,Exclusive impactful strategy,2023-02-27 01:10:17,913,170
177,story,1,Multi-lateral executive interface,2023-02-27 19:02:01,553,933
178,story,1,Robust leading edge initiative,2023-02-28 05:09:16,520,502
179,message,1,Optional system-worthy array,2023-02-27 23:35:58,728,69
180,story,1,Synergized uniform website,2023-02-27 15:30:36,69,434
181,message,0,Enterprise-wide needs-based orchestration,2023-02-27 05:33:35,939,956
182,message,1,Exclusive contextually-based portal,2023-02-28 19:20:53,97,852
183,message,0,Decentralized encompassing implementation,2023-02-28 23:10:58,514,107
184,story,0,Sharable mobile secured line,2023-02-27 09:55:33,735,406
185,story,1,Face to face foreground approach,2023-02-28 03:49:54,524,209
186,story,1,Reactive next generation local area network,2023-02-28 01:05:58,29,51
187,message,1,Intuitive value-added infrastructure,2023-02-27 09:52:08,145,922
188,story,0,Decentralized modular interface,2023-02-28 19:42:02,841,179
189,message,1,Networked user-facing methodology,2023-02-28 22:52:28,58,699
190,story,0,Vision-oriented fault-tolerant help-desk,2023-02-27 02:48:21,23,39
191,story,0,Open-source upward-trending framework,2023-02-27 20:09:12,130,538
192,message,1,Function-based 24/7 website,2023-02-27 22:06:57,636,272
193,message,1,Extended clear-thinking project,2023-02-27 00:43:28,187,196
194,message,1,Networked modular projection,2023-02-28 15:56:10,478,752
195,story,1,Centralized methodical installation,2023-02-28 07:52:16,372,723
196,message,0,Managed background knowledge user,2023-02-27 22:30:10,686,995
197,message,0,Configurable next generation alliance,2023-02-28 06:17:15,724,472
198,story,0,Team-oriented bandwidth-monitored knowledge base,2023-02-27 04:47:20,557,513
199,story,0,Persistent 3rd generation extranet,2023-02-27 19:51:34,31,91
200,story,1,Polarised clear-thinking collaboration,2023-02-27 03:25:14,833,517
201,message,1,Balanced bandwidth-monitored hardware,2023-02-27 06:58:22,30,459
202,story,0,Customizable multi-tasking workforce,2023-02-27 00:20:02,616,389
203,message,1,Down-sized eco-centric neural-net,2023-02-27 15:22:31,405,616
204,message,1,Implemented asynchronous ability,2023-02-27 21:27:59,894,357
205,story,0,Vision-oriented full-range open architecture,2023-02-28 16:05:31,6,403
206,story,1,User-centric analyzing approach,2023-02-27 07:01:19,879,638
207,story,1,Function-based attitude-oriented policy,2023-02-28 16:20:54,145,614
208,story,0,Phased discrete website,2023-02-27 03:38:42,423,716
209,story,0,Cross-group interactive definition,2023-02-28 12:31:52,783,143
210,story,1,Inverse system-worthy definition,2023-02-27 14:55:37,51,364
211,story,1,Sharable modular implementation,2023-02-28 00:19:00,940,927
212,message,1,Phased composite knowledge user,2023-02-28 06:34:10,264,408
213,story,1,Fundamental encompassing concept,2023-02-27 07:57:14,989,617
214,story,1,Operative didactic internet solution,2023-02-27 15:56:32,318,316
215,story,0,Balanced executive architecture,2023-02-28 01:46:09,566,264
216,story,1,User-friendly discrete initiative,2023-02-28 17:37:25,277,253
217,story,0,Expanded national internet solution,2023-02-28 08:46:21,307,111
218,message,0,Organized static solution,2023-02-28 04:02:46,985,80
219,story,1,De-engineered systematic database,2023-02-28 00:14:31,900,379
220,message,0,Diverse disintermediate firmware,2023-02-27 12:48:44,848,632
221,message,0,Ameliorated asynchronous implementation,2023-02-27 08:34:22,228,113
222,story,0,Balanced tertiary protocol,2023-02-27 16:26:43,935,246
223,message,0,Grass-roots multimedia strategy,2023-02-27 01:59:53,430,929
224,message,1,Multi-layered high-level array,2023-02-28 08:26:18,199,633
225,message,1,Public-key bifurcated circuit,2023-02-28 01:57:54,276,392
226,message,0,Up-sized local definition,2023-02-27 10:07:18,284,680
227,message,1,Reverse-engineered context-sensitive policy,2023-02-27 18:16:10,797,156
228,message,1,Public-key reciprocal task-force,2023-02-27 18:37:34,65,160
229,story,1,Ergonomic context-sensitive frame,2023-02-27 00:13:51,354,978
230,story,0,Expanded user-facing open architecture,2023-02-27 08:09:27,44,711
231,message,1,Optional 4th generation groupware,2023-02-28 05:19:55,978,93
232,message,0,Multi-layered reciprocal moderator,2023-02-27 15:15:47,80,899
233,message,1,Monitored background adapter,2023-02-27 15:43:07,54,579
234,message,1,Inverse tertiary encryption,2023-02-28 14:03:56,526,976
235,message,0,Streamlined dynamic framework,2023-02-28 18:25:40,79,592
236,message,1,Open-source multimedia core,2023-02-28 19:19:16,805,486
237,message,1,Configurable holistic productivity,2023-02-27 21:16:38,60,127
238,story,1,Customizable dedicated groupware,2023-02-28 20:14:40,462,163
239,story,0,Visionary upward-trending help-desk,2023-02-27 04:58:39,819,363
240,message,0,Future-proofed national synergy,2023-02-27 09:29:27,974,381
241,message,1,Integrated full-range protocol,2023-02-28 18:10:40,835,155
242,message,0,Ameliorated coherent capacity,2023-02-27 12:32:35,568,356
243,story,1,Re-engineered demand-driven extranet,2023-02-28 23:43:09,831,41
244,story,0,Reduced actuating collaboration,2023-02-27 07:34:28,533,134
245,story,1,Reactive systemic circuit,2023-02-28 03:59:52,918,797
246,message,1,Re-engineered multi-tasking structure,2023-02-28 11:13:26,57,659
247,message,1,Total tertiary model,2023-02-27 12:06:56,479,774
248,message,0,Persevering dedicated implementation,2023-02-28 18:03:54,195,201
249,message,0,Quality-focused user-facing service-desk,2023-02-27 15:16:27,740,431
250,story,1,User-friendly mission-critical encryption,2023-02-28 21:13:45,380,127
251,message,1,Reverse-engineered interactive strategy,2023-02-27 21:35:13,623,52
252,story,0,Ameliorated zero tolerance hierarchy,2023-02-28 12:58:29,684,749
253,message,0,Optimized disintermediate matrices,2023-02-27 21:25:44,567,614
254,story,0,Re-engineered holistic secured line,2023-02-28 09:43:27,612,842
255,message,0,Team-oriented analyzing capacity,2023-02-28 00:00:45,825,57
256,story,0,Grass-roots multi-state throughput,2023-02-27 17:53:24,410,433
257,message,1,Managed bandwidth-monitored local area network,2023-02-28 10:22:25,77,680
258,message,1,Intuitive multi-state Graphical User Interface,2023-02-27 08:33:00,62,789
259,message,0,Persevering fault-tolerant info-mediaries,2023-02-27 19:53:57,516,134
260,message,0,Distributed background protocol,2023-02-28 22:46:28,738,192
261,message,1,Future-proofed bandwidth-monitored policy,2023-02-27 03:07:14,424,384
262,story,0,Multi-lateral bifurcated moratorium,2023-02-27 07:13:52,145,15
263,story,1,Diverse radical extranet,2023-02-28 04:05:53,39,358
264,story,0,Cross-platform bi-directional utilisation,2023-02-27 15:36:01,118,284
265,message,0,Balanced systemic middleware,2023-02-27 23:02:15,189,435
266,story,1,Compatible hybrid archive,2023-02-28 15:12:06,439,782
267,story,0,Up-sized fresh-thinking attitude,2023-02-28 11:08:00,599,888
268,message,1,Mandatory bifurcated capacity,2023-02-28 04:00:18,908,674
269,message,0,Realigned hybrid groupware,2023-02-28 00:07:06,911,777
270,story,0,Focused neutral open architecture,2023-02-28 18:15:48,509,112
271,message,0,Expanded bi-directional middleware,2023-02-28 17:03:15,576,564
272,message,1,Innovative cohesive algorithm,2023-02-28 10:37:51,904,516
273,message,1,Reactive holistic Graphical User Interface,2023-02-27 12:47:29,827,233
274,story,0,Advanced background capacity,2023-02-28 02:51:11,365,956
275,message,0,Diverse responsive encryption,2023-02-27 21:25:04,258,874
276,story,0,Vision-oriented logistical firmware,2023-02-27 16:51:09,226,595
277,message,1,Centralized leading edge ability,2023-02-28 19:28:10,233,268
278,story,1,Realigned needs-based conglomeration,2023-02-27 08:36:45,852,450
279,story,1,Total client-server open architecture,2023-02-28 21:05:18,654,760
280,message,1,Compatible mobile frame,2023-02-28 17:36:27,458,855
281,story,1,Multi-channelled asymmetric functionalities,2023-02-27 09:44:48,522,871
282,story,0,Enterprise-wide multimedia matrices,2023-02-28 23:34:55,309,851
283,message,0,User-centric multi-state capacity,2023-02-27 17:35:11,584,876
284,story,0,Sharable optimizing orchestration,2023-02-28 15:59:08,45,963
285,story,1,Future-proofed asynchronous contingency,2023-02-27 07:57:16,921,380
286,story,1,Face to face interactive capability,2023-02-28 10:08:10,729,109
287,story,0,Cloned 24/7 firmware,2023-02-28 07:50:16,291,875
288,story,1,Polarised background conglomeration,2023-02-27 07:47:22,843,315
289,story,1,Robust static encoding,2023-02-28 17:50:23,33,247
290,story,1,Profit-focused intermediate open architecture,2023-02-28 04:45:15,263,986
291,story,0,Centralized real-time open system,2023-02-27 06:59:10,663,526
292,message,1,Open-architected optimal function,2023-02-28 11:50:20,559,749
293,story,0,Team-oriented logistical model,2023-02-28 00:01:56,476,892
294,story,0,Multi-lateral empowering time-frame,2023-02-27 02:15:08,200,411
295,story,1,Focused 5th generation database,2023-02-28 05:12:17,435,807
296,story,0,Open-source 3rd generation system engine,2023-02-27 22:10:04,977,870
297,story,1,Diverse bandwidth-monitored adapter,2023-02-28 07:57:03,29,102
298,message,0,Down-sized background throughput,2023-02-27 03:11:07,10,14
299,message,1,Focused actuating middleware,2023-02-28 18:36:36,488,121
300,story,1,Digitized bi-directional utilisation,2023-02-27 04:07:17,441,400
301,story,0,Adaptive non-volatile contingency,2023-02-28 03:08:56,568,82
302,message,1,User-centric asymmetric instruction set,2023-02-27 16:15:52,683,746
303,story,1,Synergistic needs-based function,2023-02-28 13:12:47,996,443
304,message,1,Assimilated 5th generation concept,2023-02-28 22:09:22,380,708
305,message,0,Organized tertiary portal,2023-02-27 02:36:46,668,619
306,story,0,Open-source hybrid project,2023-02-27 23:12:59,381,356
307,story,0,Enhanced well-modulated firmware,2023-02-28 11:41:17,317,372
308,message,1,Fundamental global instruction set,2023-02-28 23:59:55,417,580
309,message,1,Enterprise-wide clear-thinking flexibility,2023-02-28 08:38:36,120,453
310,message,1,Future-proofed discrete neural-net,2023-02-28 05:30:08,216,732
311,story,0,Enhanced systemic model,2023-02-27 09:08:32,843,897
312,story,1,Optional upward-trending array,2023-02-27 22:39:41,476,40
313,message,0,Stand-alone web-enabled strategy,2023-02-28 04:26:38,659,194
314,story,0,Configurable optimal instruction set,2023-02-28 12:19:12,300,769
315,story,0,Automated neutral attitude,2023-02-28 06:20:47,79,719
316,message,1,Profit-focused bottom-line Graphical User Interface,2023-02-28 05:44:33,155,530
317,message,1,Customer-focused full-range process improvement,2023-02-28 00:27:59,14,397
318,story,0,Profit-focused 24/7 project,2023-02-27 16:24:13,238,245
319,message,1,Function-based dedicated software,2023-02-27 08:25:25,963,834
320,message,1,Phased client-driven protocol,2023-02-27 09:35:11,604,297
321,message,1,Public-key client-driven algorithm,2023-02-28 03:36:26,536,603
322,story,0,Operative exuding website,2023-02-27 10:08:10,904,565
323,message,1,Programmable discrete info-mediaries,2023-02-28 13:55:32,156,590
324,story,0,Implemented next generation utilisation,2023-02-27 13:45:54,498,652
325,story,0,Team-oriented foreground service-desk,2023-02-27 20:44:13,713,450
326,message,0,Compatible stable matrix,2023-02-28 13:29:26,674,323
327,story,0,Adaptive impactful paradigm,2023-02-27 03:54:58,59,225
328,message,1,Optimized didactic customer loyalty,2023-02-27 20:59:43,180,281
329,story,1,Quality-focused context-sensitive model,2023-02-28 20:12:45,722,592
330,story,1,Fully-configurable responsive challenge,2023-02-28 02:15:59,283,266
331,story,0,Front-line upward-trending adapter,2023-02-28 09:13:25,299,933
332,story,0,Intuitive transitional application,2023-02-28 17:45:04,723,387
333,message,0,Sharable coherent core,2023-02-27 22:21:48,553,894
334,message,0,Persistent 24 hour model,2023-02-28 14:19:45,552,997
335,story,0,Synchronised needs-based hub,2023-02-27 04:17:47,539,683
336,story,0,Business-focused discrete benchmark,2023-02-27 12:53:21,309,699
337,message,1,User-friendly mission-critical attitude,2023-02-27 01:24:20,604,218
338,story,0,Digitized empowering open architecture,2023-02-28 06:48:36,168,713
339,message,0,Proactive fault-tolerant time-frame,2023-02-27 02:55:43,539,76
340,message,1,Assimilated empowering system engine,2023-02-28 07:48:38,943,173
341,message,1,Decentralized eco-centric hardware,2023-02-28 08:54:49,63,803
342,story,1,Managed tangible focus group,2023-02-28 02:09:33,612,807
343,story,0,Organic object-oriented approach,2023-02-27 00:56:34,503,591
344,story,0,Mandatory impactful focus group,2023-02-28 11:43:48,207,181
345,message,1,Digitized executive customer loyalty,2023-02-27 18:02:07,724,417
346,story,0,Phased homogeneous framework,2023-02-27 05:22:16,388,695
347,story,1,Cloned secondary artificial intelligence,2023-02-28 01:24:08,339,164
348,story,0,Managed system-worthy database,2023-02-28 10:34:07,678,370
349,story,0,Front-line holistic core,2023-02-27 14:06:05,283,717
350,story,0,Decentralized static time-frame,2023-02-27 05:17:49,56,722
351,message,1,Cross-platform radical superstructure,2023-02-28 07:57:16,613,786
352,message,1,Synchronised asynchronous orchestration,2023-02-28 05:31:15,265,277
353,story,1,Digitized radical pricing structure,2023-02-28 12:49:43,270,152
354,story,1,Quality-focused full-range adapter,2023-02-28 15:56:28,975,48
355,story,1,Organic fault-tolerant support,2023-02-28 04:42:07,627,257
356,story,1,Public-key mission-critical capability,2023-02-27 09:07:40,527,76
357,message,0,Up-sized 5th generation structure,2023-02-28 02:43:18,538,458
358,message,1,Decentralized dynamic array,2023-02-28 03:55:19,804,432
359,message,0,Reduced 5th generation projection,2023-02-27 21:35:34,46,380
360,story,0,Reactive mobile structure,2023-02-27 09:50:14,328,183
361,message,0,Multi-channelled 4th generation firmware,2023-02-27 03:20:08,607,577
362,message,1,Triple-buffered high-level monitoring,2023-02-27 00:11:53,684,615
363,message,0,Persevering impactful artificial intelligence,2023-02-28 09:15:54,102,584
364,message,0,Stand-alone full-range workforce,2023-02-28 20:05:53,970,136
365,story,0,Centralized motivating support,2023-02-27 07:13:02,449,794
366,message,0,Versatile zero defect project,2023-02-27 07:56:51,367,18
367,story,1,Exclusive leading edge database,2023-02-27 07:23:35,733,681
368,story,1,Optional zero defect projection,2023-02-27 07:01:29,320,230
369,message,0,Pre-emptive mobile info-mediaries,2023-02-28 08:16:23,652,393
370,story,0,Cross-platform dynamic secured line,2023-02-28 21:42:37,812,136
371,message,0,Networked asymmetric interface,2023-02-28 08:44:19,160,105
372,story,0,Reduced didactic success,2023-02-28 09:48:02,581,813
373,message,1,Team-oriented client-server extranet,2023-02-28 04:29:45,330,521
374,story,0,Public-key 5th generation projection,2023-02-27 16:45:35,901,17
375,message,0,Multi-layered bi-directional portal,2023-02-27 14:27:55,155,202
376,message,0,Managed explicit superstructure,2023-02-28 19:04:00,252,85
377,story,0,Enterprise-wide fault-tolerant concept,2023-02-28 10:42:59,708,388
378,story,1,Advanced system-worthy moratorium,2023-02-27 21:17:06,438,710
379,story,1,Adaptive stable conglomeration,2023-02-27 01:21:55,307,782
380,story,1,Adaptive mission-critical customer loyalty,2023-02-28 09:01:54,854,367
381,story,0,Object-based incremental throughput,2023-02-27 01:48:15,814,524
382,message,0,Digitized encompassing project,2023-02-27 09:23:00,594,108
383,message,0,Integrated holistic product,2023-02-27 10:59:43,134,111
384,story,0,Intuitive upward-trending parallelism,2023-02-27 19:18:31,654,691
385,message,1,Upgradable explicit local area network,2023-02-28 07:40:42,901,147
386,story,1,Open-source clear-thinking infrastructure,2023-02-27 02:17:38,837,78
387,message,0,Assimilated actuating array,2023-02-28 16:04:29,166,983
388,message,1,Reduced asymmetric project,2023-02-28 00:53:47,586,182
389,story,1,Distributed responsive functionalities,2023-02-28 17:11:16,766,488
390,story,1,Grass-roots responsive local area network,2023-02-27 05:30:50,308,246
391,message,1,Fundamental object-oriented success,2023-02-27 19:40:06,89,991
392,story,1,Phased optimal knowledge user,2023-02-27 08:34:40,135,1000
393,story,1,Right-sized coherent protocol,2023-02-27 13:04:40,410,392
394,message,0,Ameliorated bifurcated support,2023-02-27 21:56:11,179,267
395,story,0,Multi-lateral 5th generation collaboration,2023-02-27 15:09:51,143,343
396,story,1,Public-key web-enabled model,2023-02-27 13:30:42,288,995
397,message,1,Profound 3rd generation interface,2023-02-27 12:24:53,22,225
398,story,1,Function-based incremental ability,2023-02-28 04:03:09,9,368
399,story,1,Phased non-volatile portal,2023-02-28 03:00:30,286,558
400,message,0,Assimilated mobile implementation,2023-02-27 21:48:10,298,960
401,story,0,Implemented well-modulated attitude,2023-02-27 10:20:23,707,469
402,message,1,Optional secondary local area network,2023-02-27 22:43:00,337,832
403,message,0,Total web-enabled complexity,2023-02-28 21:54:37,346,872
404,story,1,Object-based value-added toolset,2023-02-27 19:31:21,833,890
405,message,0,Persevering intangible matrix,2023-02-27 18:21:14,139,398
406,message,1,Proactive regional leverage,2023-02-27 17:46:25,958,569
407,story,0,Decentralized stable database,2023-02-27 02:39:26,381,249
408,message,1,Customizable eco-centric challenge,2023-02-27 01:06:45,393,445
409,story,0,Open-source holistic collaboration,2023-02-28 20:18:15,994,850
410,message,1,Triple-buffered fresh-thinking capability,2023-02-28 03:25:47,508,6
411,story,0,Multi-lateral stable utilisation,2023-02-28 04:33:19,526,230
412,story,1,Networked explicit benchmark,2023-02-27 10:42:00,923,335
413,message,1,Total multi-tasking attitude,2023-02-28 01:56:31,65,469
414,story,1,Extended explicit infrastructure,2023-02-27 14:07:40,485,998
415,story,0,Switchable 24/7 knowledge base,2023-02-27 05:43:16,715,331
416,message,1,Adaptive holistic model,2023-02-27 11:46:44,165,865
417,story,0,Cross-platform optimizing initiative,2023-02-28 10:03:52,767,541
418,story,0,Synergistic incremental utilisation,2023-02-27 13:06:29,215,193
419,story,1,Implemented stable initiative,2023-02-27 22:08:28,708,630
420,message,1,Triple-buffered fresh-thinking collaboration,2023-02-28 04:24:34,254,137
421,message,0,Exclusive next generation toolset,2023-02-28 00:53:46,839,602
422,story,0,Automated object-oriented access,2023-02-27 23:43:41,483,363
423,message,0,Reverse-engineered modular neural-net,2023-02-28 15:55:02,433,439
424,story,0,Up-sized client-server benchmark,2023-02-27 05:12:02,443,342
425,message,1,Organic coherent model,2023-02-27 10:56:59,912,395
426,message,0,Decentralized heuristic standardization,2023-02-27 18:09:15,695,140
427,story,1,Function-based coherent pricing structure,2023-02-28 17:44:04,85,262
428,message,1,Up-sized responsive alliance,2023-02-27 01:34:21,277,215
429,message,0,Polarised contextually-based strategy,2023-02-28 22:37:00,746,301
430,message,0,Vision-oriented neutral middleware,2023-02-28 14:44:41,975,897
431,message,1,Reduced stable collaboration,2023-02-28 22:11:44,987,249
432,story,0,Reactive multimedia emulation,2023-02-27 07:33:28,254,729
433,story,1,Virtual directional methodology,2023-02-28 08:05:08,10,670
434,story,1,Down-sized modular workforce,2023-02-28 05:22:35,997,213
435,message,0,Balanced multi-tasking open system,2023-02-27 18:21:14,613,82
436,message,1,Extended tertiary help-desk,2023-02-28 19:10:22,647,938
437,message,1,Switchable bottom-line circuit,2023-02-27 06:39:29,781,852
438,message,1,Robust user-facing encoding,2023-02-28 02:37:22,163,868
439,story,1,Fundamental system-worthy structure,2023-02-28 18:01:49,688,987
440,story,1,Integrated asynchronous benchmark,2023-02-28 02:11:40,460,997
441,story,1,De-engineered intermediate solution,2023-02-28 13:22:04,737,229
442,story,0,Team-oriented system-worthy knowledge base,2023-02-28 23:43:35,503,928
443,message,0,Quality-focused explicit application,2023-02-28 20:47:54,998,511
444,message,1,Organic holistic installation,2023-02-27 08:32:35,121,252
445,message,1,Customer-focused multi-tasking protocol,2023-02-28 10:41:48,181,998
446,story,0,Realigned zero tolerance parallelism,2023-02-27 17:12:32,23,664
447,message,0,Re-contextualized maximized internet solution,2023-02-28 07:40:27,612,223
448,message,1,Secured zero administration project,2023-02-28 01:28:17,211,488
449,story,1,Networked systematic pricing structure,2023-02-28 09:58:36,408,507
450,story,0,Managed foreground info-mediaries,2023-02-27 13:19:21,286,335
451,story,0,Switchable interactive encoding,2023-02-28 17:58:14,8,191
452,story,0,Visionary national forecast,2023-02-27 21:21:32,234,441
453,story,0,Multi-tiered fault-tolerant pricing structure,2023-02-27 20:30:34,216,627
454,message,0,Sharable systematic Graphical User Interface,2023-02-27 09:49:39,44,455
455,message,1,Multi-layered tertiary open system,2023-02-28 14:54:41,581,204
456,story,1,Extended stable Graphical User Interface,2023-02-28 15:25:38,603,813
457,message,1,User-friendly human-resource challenge,2023-02-28 12:03:32,936,816
458,message,1,Polarised modular Graphic Interface,2023-02-28 12:25:41,1,742
459,message,0,Triple-buffered didactic emulation,2023-02-27 12:52:30,380,551
460,story,1,Universal demand-driven archive,2023-02-27 05:23:15,456,932
461,message,0,Extended contextually-based interface,2023-02-27 04:38:14,312,945
462,story,1,Digitized 5th generation capacity,2023-02-27 00:36:11,429,247
463,message,1,Up-sized zero defect hub,2023-02-28 02:27:11,724,780
464,story,1,Re-engineered incremental internet solution,2023-02-27 10:57:50,985,782
465,message,0,Multi-lateral systematic intranet,2023-02-27 22:32:47,256,278
466,story,1,Object-based bifurcated array,2023-02-28 11:38:25,801,696
467,story,0,Devolved systematic portal,2023-02-27 07:05:23,772,789
468,message,1,Organized asynchronous middleware,2023-02-27 15:43:56,555,162
469,story,1,Focused needs-based support,2023-02-28 23:31:56,460,377
470,story,0,Future-proofed bifurcated hierarchy,2023-02-27 08:21:19,153,58
471,story,0,Open-source responsive product,2023-02-27 12:17:49,350,866
472,message,0,Self-enabling actuating utilisation,2023-02-28 08:55:53,443,152
473,story,0,Horizontal contextually-based focus group,2023-02-28 11:39:24,540,729
474,story,0,Realigned bottom-line capacity,2023-02-28 18:40:36,187,322
475,message,1,Managed next generation portal,2023-02-27 08:54:31,513,243
476,story,1,Optional impactful circuit,2023-02-28 11:26:47,921,545
477,message,1,Stand-alone methodical capacity,2023-02-27 22:29:11,142,142
478,message,0,Optional upward-trending initiative,2023-02-27 16:18:01,939,263
479,message,0,Enterprise-wide next generation info-mediaries,2023-02-27 11:09:51,726,542
480,story,0,Right-sized national collaboration,2023-02-28 20:59:25,690,994
481,message,0,Organic asymmetric pricing structure,2023-02-27 09:32:45,193,332
482,message,1,Up-sized client-server conglomeration,2023-02-27 22:03:11,619,342
483,story,1,Self-enabling user-facing definition,2023-02-27 19:01:30,185,580
484,message,1,Total multimedia array,2023-02-27 08:03:11,286,492
485,story,0,Synchronised multimedia throughput,2023-02-27 07:28:59,279,300
486,message,0,Function-based systemic open architecture,2023-02-28 09:31:51,873,186
487,story,1,Digitized interactive database,2023-02-27 08:06:05,377,691
488,message,1,Progressive tangible challenge,2023-02-27 09:52:42,538,634
489,story,0,Enhanced mission-critical parallelism,2023-02-28 16:58:08,425,442
490,message,1,Realigned modular middleware,2023-02-28 17:21:07,671,766
491,story,0,Customer-focused high-level leverage,2023-02-28 15:07:55,904,909
492,story,0,User-centric fault-tolerant toolset,2023-02-28 17:25:34,976,290
493,story,0,Ameliorated uniform service-desk,2023-02-28 19:07:33,897,153
494,story,0,Automated actuating array,2023-02-28 19:45:28,564,628
495,message,0,Cross-group well-modulated installation,2023-02-28 08:43:02,421,82
496,message,0,Adaptive context-sensitive hierarchy,2023-02-27 19:05:20,771,189
497,story,1,Reduced high-level strategy,2023-02-28 17:18:10,981,115
498,message,0,Phased system-worthy forecast,2023-02-27 09:42:19,885,744
499,story,1,Innovative mobile throughput,2023-02-28 23:34:09,51,267
500,message,0,Re-engineered web-enabled access,2023-02-28 22:47:57,61,842
501,story,0,Synergistic intangible artificial intelligence,2023-02-27 13:32:53,132,256
502,story,1,Robust neutral hub,2023-02-27 18:52:21,605,940
503,message,0,Automated solution-oriented strategy,2023-02-28 00:08:36,317,202
504,story,1,Right-sized uniform synergy,2023-02-27 00:40:38,774,549
505,message,1,Profound 3rd generation project,2023-02-27 19:38:01,415,272
506,story,1,Assimilated optimizing attitude,2023-02-27 13:29:31,484,384
507,story,0,Decentralized object-oriented instruction set,2023-02-28 09:52:55,432,618
508,message,0,Vision-oriented encompassing forecast,2023-02-28 02:03:59,968,117
509,message,1,Distributed fresh-thinking artificial intelligence,2023-02-28 09:18:10,698,46
510,message,0,Profound even-keeled superstructure,2023-02-28 09:36:59,328,596
511,message,1,Customizable upward-trending knowledge user,2023-02-27 07:19:51,155,547
512,story,1,Balanced content-based solution,2023-02-28 13:07:52,42,691
513,story,1,Customer-focused leading edge conglomeration,2023-02-27 17:13:57,968,108
514,message,0,Advanced multimedia portal,2023-02-27 08:28:48,492,641
515,message,0,Vision-oriented maximized monitoring,2023-02-28 01:31:59,622,999
516,message,0,Pre-emptive 5th generation matrix,2023-02-27 07:38:09,941,421
517,story,0,Re-engineered leading edge conglomeration,2023-02-28 04:08:51,134,570
518,message,1,Switchable zero administration open architecture,2023-02-27 16:25:12,283,439
519,story,0,Polarised high-level model,2023-02-28 04:19:11,165,415
520,story,0,Synchronised 3rd generation system engine,2023-02-27 14:09:29,521,768
521,message,1,Synchronised maximized concept,2023-02-27 20:38:08,365,748
522,message,0,Public-key stable productivity,2023-02-27 12:05:08,908,278
523,message,0,Secured impactful groupware,2023-02-28 15:28:02,312,211
524,story,1,Multi-tiered attitude-oriented analyzer,2023-02-28 19:07:25,519,734
525,message,1,Front-line asymmetric secured line,2023-02-28 13:07:56,334,27
526,message,1,Enhanced demand-driven process improvement,2023-02-28 08:15:42,210,19
527,story,0,Enhanced empowering extranet,2023-02-27 04:11:47,496,248
528,message,1,Proactive systematic toolset,2023-02-28 09:50:43,29,500
529,message,1,Expanded responsive algorithm,2023-02-28 20:10:30,411,726
530,story,0,Fully-configurable analyzing leverage,2023-02-28 10:36:42,430,498
531,story,1,Business-focused static process improvement,2023-02-28 13:32:40,814,573
532,story,1,Ameliorated high-level internet solution,2023-02-27 18:39:56,47,681
533,story,0,User-friendly fresh-thinking database,2023-02-28 05:27:44,646,226
534,message,0,Intuitive needs-based extranet,2023-02-28 09:17:52,409,681
535,message,0,Organized incremental knowledge user,2023-02-27 18:04:34,782,31
536,story,0,Ergonomic methodical workforce,2023-02-28 19:51:48,294,253
537,story,1,Decentralized static structure,2023-02-28 01:08:23,911,435
538,story,0,Compatible local neural-net,2023-02-28 20:06:28,112,807
539,message,0,User-centric mission-critical toolset,2023-02-27 15:35:32,405,103
540,story,1,Pre-emptive 24 hour installation,2023-02-28 00:16:26,997,568
541,story,0,Vision-oriented empowering adapter,2023-02-27 13:05:09,188,327
542,message,1,Organized maximized policy,2023-02-27 01:23:03,841,816
543,message,0,Stand-alone user-facing service-desk,2023-02-27 13:15:41,190,739
544,message,1,Exclusive human-resource array,2023-02-28 04:48:46,634,610
545,story,1,Reduced high-level algorithm,2023-02-27 14:45:30,779,353
546,story,1,Cross-group global matrix,2023-02-28 10:06:20,1000,420
547,message,1,Reduced global matrices,2023-02-28 00:57:41,937,729
548,story,1,Business-focused radical Graphical User Interface,2023-02-28 09:41:10,900,502
549,story,1,Customizable optimal conglomeration,2023-02-27 00:57:33,980,280
550,story,0,Right-sized encompassing adapter,2023-02-27 00:18:19,81,764
551,story,0,Reactive tangible neural-net,2023-02-27 02:28:36,156,73
552,story,1,Compatible national utilisation,2023-02-27 22:58:04,24,982
553,message,0,Devolved zero tolerance knowledge user,2023-02-28 09:10:47,282,126
554,story,1,Expanded composite architecture,2023-02-27 03:56:34,884,890
555,message,0,Versatile attitude-oriented contingency,2023-02-28 00:26:53,392,458
556,message,1,Up-sized analyzing customer loyalty,2023-02-28 20:28:44,201,699
557,story,1,Decentralized client-driven Graphic Interface,2023-02-27 14:33:57,644,143
558,message,0,Advanced responsive hierarchy,2023-02-28 08:15:08,532,949
559,message,0,Mandatory contextually-based instruction set,2023-02-28 07:32:46,284,451
560,story,0,Fundamental 24 hour hub,2023-02-28 10:59:47,364,531
561,message,1,Exclusive analyzing infrastructure,2023-02-27 10:56:14,851,851
562,story,0,Multi-channelled neutral benchmark,2023-02-28 16:56:49,857,93
563,story,1,Phased local emulation,2023-02-28 16:41:33,242,709
564,story,1,Seamless explicit service-desk,2023-02-27 06:16:29,127,882
565,story,1,Customer-focused client-driven instruction set,2023-02-28 12:54:14,982,492
566,story,0,Self-enabling multimedia methodology,2023-02-27 23:54:05,616,516
567,story,1,Automated modular success,2023-02-27 13:58:10,981,520
568,story,0,Reactive responsive application,2023-02-28 00:59:05,511,10
569,message,1,Multi-lateral discrete emulation,2023-02-28 20:03:09,549,664
570,message,1,Upgradable global superstructure,2023-02-28 02:02:17,669,974
571,message,1,Streamlined zero tolerance local area network,2023-02-28 13:51:18,288,560
572,message,1,Secured human-resource hardware,2023-02-27 12:19:57,90,854
573,story,1,Enhanced didactic info-mediaries,2023-02-28 07:22:09,544,356
574,message,0,Multi-layered maximized open system,2023-02-28 03:32:44,605,281
575,message,1,Operative methodical knowledge user,2023-02-28 05:50:12,78,909
576,message,1,Right-sized scalable circuit,2023-02-28 14:29:33,681,187
577,message,0,Business-focused demand-driven hierarchy,2023-02-27 18:55:14,364,303
578,message,1,Extended 24/7 function,2023-02-27 11:37:37,952,604
579,message,0,Reverse-engineered hybrid moderator,2023-02-28 14:46:42,249,116
580,message,1,Up-sized disintermediate initiative,2023-02-27 01:34:44,689,5
581,story,1,Versatile discrete migration,2023-02-27 05:09:25,779,891
582,message,0,Enhanced methodical local area network,2023-02-28 18:18:02,250,757
583,message,0,Adaptive modular structure,2023-02-27 03:13:34,138,911
584,story,0,Monitored 4th generation projection,2023-02-28 08:50:56,601,945
585,message,1,Future-proofed encompassing system engine,2023-02-27 01:17:51,826,360
586,story,1,Proactive optimizing matrices,2023-02-27 20:41:17,197,199
587,message,1,Phased background extranet,2023-02-27 10:30:55,405,8
588,message,0,Visionary analyzing open architecture,2023-02-27 03:32:37,444,501
589,message,1,Cross-platform secondary definition,2023-02-28 07:30:34,29,606
590,story,1,Compatible directional open system,2023-02-27 06:23:25,451,892
591,story,1,Cross-platform bi-directional functionalities,2023-02-27 05:45:11,271,932
592,message,0,Optimized coherent budgetary management,2023-02-28 18:39:01,323,944
593,story,0,Diverse transitional adapter,2023-02-27 14:51:41,514,685
594,story,1,Distributed 24/7 archive,2023-02-27 20:00:21,412,320
595,story,1,Seamless context-sensitive ability,2023-02-27 20:00:46,723,91
596,message,1,Intuitive leading edge time-frame,2023-02-28 01:04:53,729,58
597,message,1,User-friendly tangible capability,2023-02-28 09:09:46,823,283
598,story,1,Multi-layered clear-thinking implementation,2023-02-27 00:59:46,598,315
599,message,0,Stand-alone user-facing approach,2023-02-28 04:38:03,35,256
600,story,0,Mandatory scalable hierarchy,2023-02-28 08:37:14,249,926
601,story,1,Robust maximized monitoring,2023-02-27 14:43:44,492,232
602,message,1,Cloned didactic groupware,2023-02-27 10:04:29,361,942
603,story,0,Multi-lateral multi-tasking product,2023-02-28 20:47:52,232,81
604,story,1,Focused even-keeled hierarchy,2023-02-28 13:58:36,780,197
605,story,0,Phased mobile contingency,2023-02-27 01:13:05,461,917
606,story,1,Advanced cohesive implementation,2023-02-27 03:47:12,297,531
607,message,1,Fundamental regional attitude,2023-02-28 08:13:56,293,481
608,message,1,Adaptive disintermediate contingency,2023-02-27 18:12:03,599,425
609,story,0,Multi-lateral optimizing orchestration,2023-02-28 12:55:20,657,628
610,message,0,Adaptive national capacity,2023-02-28 23:22:53,154,375
611,story,0,Team-oriented 24/7 implementation,2023-02-28 13:49:14,860,33
612,story,0,Self-enabling stable help-desk,2023-02-27 05:17:26,467,423
613,story,1,Organized grid-enabled focus group,2023-02-27 23:20:38,392,690
614,message,0,Open-architected bottom-line customer loyalty,2023-02-28 23:59:44,84,936
615,message,1,Progressive uniform toolset,2023-02-27 10:17:14,319,286
616,message,0,Organized eco-centric throughput,2023-02-27 15:38:28,125,510
617,message,0,Synergized methodical strategy,2023-02-27 23:32:16,795,415
618,story,1,Adaptive logistical moderator,2023-02-27 07:58:33,331,124
619,message,1,Customer-focused web-enabled adapter,2023-02-27 01:53:18,348,19
620,story,0,Public-key next generation software,2023-02-27 04:54:10,481,936
621,message,1,Configurable maximized capacity,2023-02-27 10:02:12,565,284
622,story,0,Persevering impactful hub,2023-02-28 10:48:33,436,236
623,story,0,Horizontal explicit service-desk,2023-02-27 03:38:07,858,835
624,story,1,Inverse stable emulation,2023-02-27 11:07:10,711,666
625,message,1,Focused logistical project,2023-02-28 00:38:29,599,142
626,story,1,User-friendly needs-based Graphic Interface,2023-02-28 23:46:27,593,282
627,story,1,Inverse hybrid access,2023-02-27 06:44:20,890,684
628,story,1,Configurable web-enabled leverage,2023-02-28 18:31:06,112,236
629,message,0,Re-engineered dedicated hierarchy,2023-02-28 14:27:10,980,852
630,message,0,Digitized tangible knowledge base,2023-02-27 16:50:30,847,798
631,message,0,Open-architected explicit approach,2023-02-28 03:38:26,764,192
632,story,0,Up-sized fresh-thinking productivity,2023-02-28 05:09:35,920,754
633,story,1,Inverse user-facing budgetary management,2023-02-28 10:05:40,634,598
634,message,1,Total tertiary ability,2023-02-27 23:13:58,654,479
635,message,1,Innovative optimizing framework,2023-02-28 13:04:38,861,498
636,story,1,Switchable actuating model,2023-02-27 01:28:04,212,427
637,message,0,User-centric zero tolerance archive,2023-02-28 14:23:10,320,774
638,story,1,Organized exuding task-force,2023-02-28 01:28:16,273,298
639,story,1,Networked uniform matrices,2023-02-28 02:17:59,314,482
640,story,1,Up-sized actuating initiative,2023-02-27 13:00:21,150,175
641,message,1,Mandatory 24 hour methodology,2023-02-27 21:20:16,70,467
642,message,0,Synchronised 5th generation knowledge user,2023-02-27 22:53:21,505,302
643,message,0,Re-contextualized dynamic info-mediaries,2023-02-27 07:50:35,587,921
644,message,1,Cloned foreground knowledge user,2023-02-28 10:54:28,389,574
645,message,1,Progressive dedicated conglomeration,2023-02-27 19:23:26,331,493
646,story,1,Organized intermediate encoding,2023-02-28 19:49:59,74,32
647,message,1,Vision-oriented stable productivity,2023-02-28 12:46:03,757,752
648,message,1,Automated next generation middleware,2023-02-28 22:47:22,708,551
649,story,0,Cross-group tangible database,2023-02-28 13:01:57,394,910
650,message,1,Multi-lateral grid-enabled capacity,2023-02-27 18:50:41,755,133
651,story,1,Cloned executive circuit,2023-02-28 14:59:20,850,295
652,message,0,Object-based cohesive middleware,2023-02-27 04:36:24,419,762
653,story,0,Cloned optimizing open architecture,2023-02-28 01:02:52,261,640
654,message,1,Devolved even-keeled monitoring,2023-02-28 21:36:17,224,850
655,story,0,Customizable bi-directional customer loyalty,2023-02-28 07:51:37,740,977
656,story,1,Public-key tertiary task-force,2023-02-28 10:35:02,692,464
657,message,1,Progressive maximized protocol,2023-02-28 12:47:24,750,86
658,message,0,Enhanced human-resource array,2023-02-28 16:10:39,651,393
659,message,1,Adaptive systematic moratorium,2023-02-27 19:37:58,49,534
660,message,0,Open-source static info-mediaries,2023-02-27 03:25:57,346,792
661,message,1,Upgradable value-added interface,2023-02-28 06:57:18,637,336
662,story,1,Right-sized analyzing paradigm,2023-02-28 23:37:03,446,89
663,story,0,Devolved didactic Graphical User Interface,2023-02-28 02:39:52,415,841
664,story,1,Synchronised optimizing function,2023-02-28 18:37:03,15,645
665,message,0,Horizontal asynchronous framework,2023-02-28 09:24:49,388,640
666,message,1,Digitized empowering flexibility,2023-02-27 19:18:32,528,618
667,message,0,Profound optimal hardware,2023-02-28 18:27:14,258,862
668,story,0,Customizable real-time open architecture,2023-02-28 04:34:49,105,466
669,story,0,Extended human-resource flexibility,2023-02-28 17:57:40,96,912
670,story,1,Secured stable open architecture,2023-02-28 09:21:40,151,648
671,story,0,Open-architected disintermediate portal,2023-02-27 04:55:35,282,466
672,story,1,Digitized 5th generation architecture,2023-02-28 21:48:11,189,986
673,message,0,Business-focused neutral core,2023-02-28 12:58:31,565,777
674,message,1,Exclusive zero defect benchmark,2023-02-27 14:10:08,709,130
675,message,1,Re-contextualized methodical emulation,2023-02-27 21:52:17,250,926
676,message,1,Expanded secondary neural-net,2023-02-27 22:42:18,843,287
677,message,1,Progressive client-driven array,2023-02-28 10:16:23,152,628
678,message,0,Integrated multi-state matrix,2023-02-27 11:14:47,216,546
679,story,1,Cross-platform global productivity,2023-02-28 10:36:35,907,504
680,story,1,Self-enabling dynamic policy,2023-02-28 05:01:27,743,548
681,message,0,Multi-tiered modular strategy,2023-02-28 07:32:05,602,352
682,message,0,Fundamental needs-based solution,2023-02-27 23:10:43,844,872
683,story,1,Digitized empowering hardware,2023-02-28 05:32:09,551,876
684,story,1,Re-contextualized intermediate instruction set,2023-02-27 08:05:26,990,792
685,story,0,Persevering incremental productivity,2023-02-28 02:36:00,429,86
686,story,0,Future-proofed needs-based groupware,2023-02-28 10:01:27,840,788
687,story,0,Implemented 6th generation structure,2023-02-28 05:08:02,796,17
688,story,0,Down-sized zero administration throughput,2023-02-28 06:11:17,118,948
689,story,1,Centralized human-resource framework,2023-02-27 21:35:06,710,742
690,message,1,Balanced exuding superstructure,2023-02-28 10:16:47,700,742
691,story,0,Networked systematic hardware,2023-02-28 12:26:30,615,586
692,message,0,Virtual user-facing architecture,2023-02-28 15:52:24,685,958
693,story,0,Implemented disintermediate help-desk,2023-02-27 09:08:39,869,407
694,story,0,Multi-channelled bandwidth-monitored process improvement,2023-02-28 10:18:06,216,279
695,message,0,Robust empowering Graphical User Interface,2023-02-28 04:36:29,729,857
696,story,1,Extended hybrid task-force,2023-02-27 22:44:29,789,162
697,story,0,Enhanced empowering projection,2023-02-28 03:28:53,558,572
698,message,0,Virtual 4th generation benchmark,2023-02-28 05:34:31,495,714
699,story,0,Function-based fault-tolerant adapter,2023-02-28 09:02:32,453,932
700,story,0,Total heuristic hub,2023-02-28 18:21:58,988,502
701,message,0,Programmable mobile local area network,2023-02-27 13:38:36,642,842
702,message,1,Pre-emptive bottom-line circuit,2023-02-27 01:12:28,213,781
703,message,1,Automated heuristic support,2023-02-27 06:30:10,229,231
704,story,1,Public-key cohesive archive,2023-02-28 23:01:21,599,9
705,message,1,Customer-focused bottom-line groupware,2023-02-27 11:23:03,222,994
706,story,0,Total transitional ability,2023-02-28 16:08:25,49,937
707,story,1,Robust user-facing throughput,2023-02-27 11:45:24,756,43
708,message,1,Down-sized zero administration ability,2023-02-27 02:42:05,166,303
709,story,0,Function-based systemic model,2023-02-28 20:50:54,83,935
710,message,1,Versatile local solution,2023-02-28 20:18:32,313,761
711,message,1,Operative foreground toolset,2023-02-27 23:45:30,711,530
712,message,1,Ergonomic dedicated Graphical User Interface,2023-02-28 10:26:42,166,88
713,story,1,Cross-platform content-based firmware,2023-02-27 13:41:38,796,334
714,story,0,Organic actuating extranet,2023-02-28 05:23:54,377,900
715,story,0,Object-based impactful initiative,2023-02-27 02:06:31,990,601
716,message,0,Face to face coherent implementation,2023-02-27 04:19:04,523,917
717,message,1,Ameliorated systemic ability,2023-02-27 16:53:53,330,410
718,story,0,Compatible multi-state firmware,2023-02-28 03:31:09,597,12
719,story,0,Expanded didactic monitoring,2023-02-28 12:50:00,791,739
720,message,1,Synergized disintermediate utilisation,2023-02-28 09:58:18,705,538
721,story,1,Front-line 3rd generation local area network,2023-02-27 22:39:38,704,90
722,message,0,Reduced uniform info-mediaries,2023-02-27 12:37:09,376,715
723,story,0,Multi-lateral directional standardization,2023-02-27 09:54:35,197,825
724,story,0,User-friendly interactive knowledge user,2023-02-28 16:33:42,522,247
725,story,1,Grass-roots actuating application,2023-02-28 08:18:45,67,637
726,story,0,Intuitive zero defect instruction set,2023-02-27 00:40:59,988,539
727,message,0,Fully-configurable responsive alliance,2023-02-27 14:22:02,33,807
728,message,0,Programmable fresh-thinking alliance,2023-02-28 02:45:49,238,319
729,message,0,Realigned clear-thinking implementation,2023-02-28 09:02:55,465,707
730,message,1,Stand-alone executive Graphical User Interface,2023-02-27 13:29:08,48,252
731,story,1,Phased reciprocal utilisation,2023-02-27 10:05:50,779,871
732,story,0,Phased hybrid hub,2023-02-28 22:01:47,815,426
733,story,1,Horizontal 24/7 throughput,2023-02-27 07:43:11,856,575
734,story,1,Configurable optimal moratorium,2023-02-27 19:54:51,927,696
735,story,0,Synergistic tangible instruction set,2023-02-27 05:39:44,412,438
736,story,1,Monitored clear-thinking challenge,2023-02-27 21:29:59,488,73
737,message,0,Optimized fresh-thinking success,2023-02-27 22:45:27,440,961
738,message,1,Secured intermediate function,2023-02-28 12:47:48,939,947
739,message,0,Compatible multi-state knowledge base,2023-02-27 14:22:05,311,381
740,message,0,Reverse-engineered upward-trending hub,2023-02-27 14:47:09,584,557
741,story,0,Implemented analyzing open architecture,2023-02-27 05:04:48,207,790
742,story,0,Right-sized 6th generation neural-net,2023-02-28 01:08:43,315,115
743,story,0,Sharable eco-centric customer loyalty,2023-02-27 12:18:09,883,681
744,story,1,Operative zero administration instruction set,2023-02-27 18:05:23,823,115
745,story,1,Public-key 24 hour intranet,2023-02-27 23:17:09,92,958
746,story,1,Stand-alone even-keeled knowledge base,2023-02-27 19:12:27,279,277
747,message,1,Integrated foreground secured line,2023-02-28 11:17:11,282,828
748,message,1,Right-sized dynamic capability,2023-02-28 13:05:13,415,895
749,story,1,Public-key clear-thinking infrastructure,2023-02-28 11:07:28,982,43
750,message,0,Distributed attitude-oriented concept,2023-02-27 01:15:32,12,787
751,story,1,Down-sized methodical protocol,2023-02-28 15:30:57,197,1000
752,story,0,Sharable explicit paradigm,2023-02-27 21:08:04,632,628
753,story,0,Triple-buffered transitional artificial intelligence,2023-02-28 14:17:12,485,625
754,story,0,Synergized transitional superstructure,2023-02-28 07:16:53,866,504
755,message,0,Re-contextualized motivating service-desk,2023-02-27 04:24:57,667,605
756,story,0,Robust discrete archive,2023-02-27 11:51:19,582,314
757,story,0,Synchronised mobile analyzer,2023-02-28 17:02:18,293,442
758,message,0,Ameliorated 6th generation extranet,2023-02-27 01:33:50,944,907
759,message,1,Customer-focused scalable secured line,2023-02-28 00:50:28,24,769
760,story,1,Seamless bi-directional throughput,2023-02-28 09:16:16,698,952
761,story,1,Customizable 5th generation support,2023-02-28 15:08:12,695,475
762,story,1,Phased multi-state approach,2023-02-28 03:39:05,134,328
763,message,0,Diverse hybrid infrastructure,2023-02-28 11:27:50,16,344
764,story,0,Distributed radical attitude,2023-02-27 10:52:48,771,320
765,story,0,Realigned web-enabled policy,2023-02-28 05:26:28,829,329
766,story,1,Ergonomic regional website,2023-02-27 19:45:36,49,55
767,message,1,Configurable asynchronous forecast,2023-02-27 04:19:19,336,500
768,story,0,Robust 4th generation core,2023-02-28 16:41:26,150,348
769,message,0,Vision-oriented coherent algorithm,2023-02-28 08:57:51,300,469
770,story,1,Future-proofed dedicated artificial intelligence,2023-02-28 22:23:56,32,169
771,message,0,Profit-focused grid-enabled core,2023-02-27 14:17:18,130,42
772,story,0,Innovative interactive migration,2023-02-28 18:18:09,972,732
773,story,1,Enterprise-wide static hierarchy,2023-02-28 23:26:18,515,69
774,story,0,User-friendly human-resource database,2023-02-27 03:18:08,334,392
775,story,0,Diverse full-range time-frame,2023-02-28 15:25:04,513,724
776,message,1,Function-based mission-critical infrastructure,2023-02-27 17:10:48,317,536
777,story,1,Ergonomic real-time time-frame,2023-02-28 22:43:05,17,150
778,story,0,Face to face upward-trending solution,2023-02-28 15:06:22,239,991
779,message,0,Decentralized zero administration architecture,2023-02-27 18:15:34,863,47
780,message,1,User-centric interactive secured line,2023-02-28 14:29:00,914,361
781,message,1,Advanced fresh-thinking knowledge user,2023-02-27 11:43:24,910,270
782,message,0,Down-sized stable alliance,2023-02-27 10:10:28,779,333
783,story,1,Multi-lateral hybrid strategy,2023-02-27 21:39:14,529,177
784,message,1,Business-focused solution-oriented encryption,2023-02-28 13:26:40,822,850
785,story,1,Cross-platform disintermediate internet solution,2023-02-28 08:55:10,9,559
786,message,1,User-friendly multi-tasking functionalities,2023-02-27 18:20:21,609,648
787,story,0,Digitized zero defect project,2023-02-28 01:39:02,292,527
788,message,0,Operative empowering concept,2023-02-28 14:21:23,925,944
789,story,0,Focused actuating budgetary management,2023-02-28 13:13:17,250,334
790,message,1,Switchable 24 hour interface,2023-02-28 19:56:15,675,9
791,story,0,Versatile motivating pricing structure,2023-02-28 11:19:53,770,576
792,story,0,Persevering methodical definition,2023-02-27 23:35:42,55,290
793,message,1,Innovative object-oriented initiative,2023-02-27 18:51:28,664,343
794,message,0,Inverse object-oriented circuit,2023-02-27 03:40:44,494,738
795,story,0,Mandatory zero tolerance frame,2023-02-27 17:33:49,208,541
796,message,0,Organic zero administration methodology,2023-02-27 15:57:23,968,710
797,message,1,Universal 3rd generation array,2023-02-28 05:27:58,726,901
798,story,0,Seamless radical strategy,2023-02-27 06:35:46,189,779
799,message,0,User-friendly background standardization,2023-02-27 18:37:03,954,696
800,story,0,Devolved contextually-based application,2023-02-28 04:04:39,278,931
801,story,0,Enhanced human-resource service-desk,2023-02-27 23:15:55,237,161
802,message,0,Grass-roots maximized moderator,2023-02-28 22:05:08,144,117
803,message,1,Secured composite knowledge user,2023-02-27 15:29:09,265,29
804,message,0,Customer-focused exuding customer loyalty,2023-02-28 04:25:20,42,741
805,message,1,Optimized fresh-thinking benchmark,2023-02-28 19:19:11,469,360
806,story,0,Networked 4th generation standardization,2023-02-28 04:51:54,613,400
807,message,1,Decentralized intermediate infrastructure,2023-02-28 21:43:56,444,962
808,story,1,Optional demand-driven framework,2023-02-27 06:20:01,270,573
809,message,0,Virtual asynchronous benchmark,2023-02-28 03:35:28,866,358
810,story,1,Reverse-engineered heuristic pricing structure,2023-02-27 22:08:26,688,492
811,message,0,Upgradable national monitoring,2023-02-28 21:38:35,887,768
812,story,0,Vision-oriented well-modulated complexity,2023-02-27 17:28:00,578,644
813,story,1,User-friendly multi-tasking customer loyalty,2023-02-27 21:38:42,777,580
814,story,0,User-centric neutral conglomeration,2023-02-27 02:14:29,685,650
815,message,0,Horizontal systemic challenge,2023-02-27 21:08:09,692,662
816,story,1,User-friendly didactic matrix,2023-02-27 11:22:34,394,870
817,story,1,Open-architected object-oriented adapter,2023-02-28 05:01:39,315,532
818,message,1,Front-line multi-state knowledge base,2023-02-28 18:07:37,778,824
819,story,0,Digitized local protocol,2023-02-27 22:32:19,927,287
820,message,1,Expanded background archive,2023-02-27 07:47:10,382,426
821,message,1,Diverse scalable projection,2023-02-28 10:09:01,189,816
822,message,1,Innovative mobile customer loyalty,2023-02-27 00:07:39,892,146
823,message,1,Compatible non-volatile paradigm,2023-02-28 17:03:41,6,275
824,story,1,Organic impactful workforce,2023-02-27 12:08:25,201,28
825,story,1,Object-based mobile installation,2023-02-28 06:04:55,768,448
826,story,0,Focused didactic local area network,2023-02-28 12:35:53,71,607
827,message,0,Fundamental explicit leverage,2023-02-27 00:32:24,599,902
828,message,1,Future-proofed full-range collaboration,2023-02-28 20:38:56,525,195
829,message,0,Distributed bottom-line toolset,2023-02-27 00:42:32,449,52
830,story,1,Cross-platform mission-critical strategy,2023-02-27 23:32:01,568,700
831,message,1,Extended contextually-based leverage,2023-02-28 14:56:58,207,974
832,message,1,Centralized heuristic customer loyalty,2023-02-27 15:03:26,281,81
833,message,0,Distributed analyzing attitude,2023-02-28 19:04:05,578,663
834,story,1,Optimized composite Graphical User Interface,2023-02-28 13:00:56,434,730
835,message,0,Customer-focused next generation concept,2023-02-27 02:26:12,856,195
836,message,1,Cross-group uniform instruction set,2023-02-27 11:11:27,698,349
837,story,0,Digitized exuding challenge,2023-02-27 10:52:59,168,365
838,message,1,Optimized optimizing pricing structure,2023-02-28 19:26:00,457,395
839,message,1,Managed optimal encryption,2023-02-27 11:26:51,832,218
840,story,0,Versatile tangible knowledge user,2023-02-28 11:39:07,876,185
841,message,1,Ameliorated contextually-based product,2023-02-27 11:52:15,965,22
842,message,0,Horizontal exuding emulation,2023-02-28 12:13:25,696,124
843,story,1,Enhanced directional support,2023-02-27 10:20:22,379,102
844,message,0,Public-key holistic task-force,2023-02-28 11:36:46,453,381
845,story,0,Synchronised optimizing function,2023-02-28 06:30:13,447,299
846,message,1,Stand-alone directional capacity,2023-02-27 23:57:25,145,231
847,story,0,Compatible uniform collaboration,2023-02-28 01:05:47,25,855
848,message,1,Optional multi-state superstructure,2023-02-28 00:58:30,574,493
849,story,1,Customer-focused object-oriented emulation,2023-02-28 06:35:46,770,802
850,message,0,Multi-tiered mobile groupware,2023-02-27 01:54:36,138,387
851,story,1,Profit-focused encompassing policy,2023-02-27 00:29:34,200,109
852,story,0,Inverse homogeneous concept,2023-02-28 12:22:51,654,547
853,story,0,Down-sized interactive implementation,2023-02-28 13:07:02,861,390
854,message,1,Fully-configurable responsive alliance,2023-02-28 03:07:54,86,873
855,story,1,Decentralized background monitoring,2023-02-27 17:40:33,886,9
856,story,1,User-friendly system-worthy database,2023-02-27 22:59:30,880,449
857,story,0,Compatible 24/7 knowledge user,2023-02-28 20:43:54,376,389
858,message,1,Switchable responsive concept,2023-02-27 12:01:32,461,724
859,message,0,Multi-layered local interface,2023-02-28 21:18:37,326,198
860,story,1,Ergonomic bottom-line interface,2023-02-27 16:44:25,103,100
861,message,1,Organized contextually-based complexity,2023-02-27 08:35:12,638,71
862,message,0,Multi-channelled reciprocal model,2023-02-28 12:29:32,299,668
863,message,0,Realigned asymmetric knowledge base,2023-02-27 06:23:09,474,256
864,message,0,Mandatory 3rd generation matrix,2023-02-28 11:48:32,725,699
865,story,0,Grass-roots multi-tasking strategy,2023-02-27 15:11:39,20,296
866,story,0,Configurable 5th generation portal,2023-02-28 14:02:35,210,21
867,message,1,Advanced incremental synergy,2023-02-28 10:26:48,85,676
868,message,1,Face to face 5th generation emulation,2023-02-27 17:13:52,410,805
869,story,1,Profound interactive knowledge user,2023-02-27 10:04:58,470,205
870,story,1,Stand-alone methodical hierarchy,2023-02-28 04:15:58,438,863
871,message,1,Digitized national alliance,2023-02-27 02:00:59,790,129
872,message,1,Persevering empowering orchestration,2023-02-28 11:48:18,735,703
873,story,0,Optional incremental process improvement,2023-02-28 03:14:00,477,644
874,story,1,Open-architected value-added info-mediaries,2023-02-28 21:25:48,748,989
875,message,0,Stand-alone needs-based paradigm,2023-02-28 00:07:59,910,389
876,story,0,Down-sized explicit budgetary management,2023-02-28 01:58:01,859,606
877,message,1,Up-sized upward-trending extranet,2023-02-28 10:20:32,86,660
878,story,0,Polarised zero defect capability,2023-02-27 23:21:26,403,912
879,story,1,Polarised responsive functionalities,2023-02-28 10:30:57,539,669
880,message,0,Universal high-level software,2023-02-27 15:11:12,709,426
881,story,0,Business-focused intangible concept,2023-02-28 23:31:13,616,445
882,story,1,User-friendly 6th generation budgetary management,2023-02-27 12:13:55,88,511
883,message,0,Distributed motivating Graphic Interface,2023-02-27 14:02:31,617,47
884,story,1,Centralized object-oriented complexity,2023-02-28 16:49:58,363,804
885,message,0,Distributed systematic protocol,2023-02-28 06:35:49,985,947
886,story,0,Down-sized interactive local area network,2023-02-28 17:50:29,344,908
887,story,0,Ameliorated human-resource internet solution,2023-02-27 06:34:52,811,387
888,story,1,Compatible value-added frame,2023-02-27 09:06:53,846,943
889,story,1,Assimilated exuding task-force,2023-02-28 12:33:28,487,517
890,story,1,Automated responsive firmware,2023-02-28 13:46:23,784,720
891,message,1,Compatible bi-directional pricing structure,2023-02-27 21:01:01,533,512
892,message,1,Triple-buffered bi-directional concept,2023-02-28 02:39:27,410,331
893,message,1,Polarised neutral definition,2023-02-27 02:43:27,319,672
894,message,0,Mandatory client-driven approach,2023-02-28 05:35:58,473,253
895,message,1,Multi-layered fault-tolerant adapter,2023-02-27 21:39:10,591,57
896,message,0,Expanded bi-directional help-desk,2023-02-28 08:53:13,96,715
897,message,1,Expanded fresh-thinking projection,2023-02-27 04:25:58,768,537
898,story,1,Automated logistical implementation,2023-02-27 07:28:33,43,520
899,story,1,Networked asymmetric utilisation,2023-02-27 07:18:59,168,989
900,story,1,Seamless content-based knowledge base,2023-02-28 17:06:57,248,87
901,message,1,Digitized heuristic projection,2023-02-27 14:43:37,497,853
902,story,0,Compatible zero administration structure,2023-02-27 06:30:02,260,947
903,message,0,Horizontal fault-tolerant array,2023-02-27 14:12:02,760,137
904,message,1,Devolved bifurcated policy,2023-02-28 18:11:39,685,446
905,story,1,Pre-emptive mobile info-mediaries,2023-02-28 06:47:21,535,537
906,message,0,Robust bi-directional workforce,2023-02-27 17:15:16,772,975
907,message,0,Stand-alone upward-trending analyzer,2023-02-28 03:38:22,816,669
908,message,1,Diverse actuating customer loyalty,2023-02-27 23:23:02,373,95
909,message,1,Multi-layered background archive,2023-02-28 05:39:54,663,787
910,message,0,Organized grid-enabled middleware,2023-02-28 23:47:12,43,371
911,story,0,Customer-focused real-time core,2023-02-28 15:08:23,616,496
912,message,1,Configurable homogeneous complexity,2023-02-28 00:14:35,814,663
913,message,0,Triple-buffered radical structure,2023-02-27 08:56:07,996,420
914,message,0,Profit-focused system-worthy algorithm,2023-02-28 18:54:57,973,164
915,story,0,Switchable cohesive success,2023-02-28 23:52:20,672,45
916,story,0,Streamlined even-keeled data-warehouse,2023-02-28 05:11:33,557,870
917,message,1,Centralized system-worthy toolset,2023-02-27 15:21:10,73,524
918,story,1,Enterprise-wide composite time-frame,2023-02-28 11:04:26,841,594
919,message,1,Cloned hybrid process improvement,2023-02-28 14:44:03,208,25
920,message,1,Operative asynchronous contingency,2023-02-28 01:45:46,491,505
921,story,0,Ameliorated intermediate initiative,2023-02-27 20:34:05,761,285
922,message,0,Function-based needs-based conglomeration,2023-02-28 01:39:21,637,716
923,story,0,Cross-platform full-range intranet,2023-02-28 02:15:34,82,794
924,story,1,Streamlined coherent hub,2023-02-28 02:03:31,350,752
925,message,1,Re-contextualized multi-state flexibility,2023-02-28 06:01:43,656,591
926,message,1,Synchronised attitude-oriented toolset,2023-02-27 16:32:10,473,486
927,story,0,Ergonomic context-sensitive circuit,2023-02-27 12:39:03,52,973
928,story,0,Re-engineered multi-tasking success,2023-02-27 10:07:50,364,53
929,story,1,Proactive client-server Graphic Interface,2023-02-28 16:16:11,819,369
930,story,1,Public-key optimal complexity,2023-02-28 11:12:27,601,931
931,message,1,Function-based non-volatile middleware,2023-02-27 14:12:53,499,213
932,story,0,Seamless motivating analyzer,2023-02-27 17:55:41,56,44
933,message,0,Universal neutral utilisation,2023-02-28 21:21:17,495,315
934,story,1,Grass-roots responsive interface,2023-02-27 20:52:13,875,603
935,story,0,Monitored optimizing hierarchy,2023-02-27 21:08:39,948,862
936,message,0,Balanced client-server frame,2023-02-28 13:59:51,985,40
937,message,1,Universal logistical algorithm,2023-02-27 00:54:56,651,622
938,story,1,Mandatory demand-driven emulation,2023-02-27 07:55:38,554,769
939,story,1,Front-line transitional interface,2023-02-28 05:13:47,881,291
940,message,0,Automated client-server instruction set,2023-02-28 21:45:00,405,301
941,story,0,De-engineered contextually-based benchmark,2023-02-27 15:40:19,181,585
942,message,1,Multi-layered content-based data-warehouse,2023-02-28 04:27:02,853,632
943,message,0,Exclusive background core,2023-02-27 06:30:00,683,978
944,message,0,Up-sized context-sensitive open architecture,2023-02-27 17:35:18,553,794
945,message,0,Optimized grid-enabled model,2023-02-28 06:24:15,423,542
946,story,0,Self-enabling uniform open architecture,2023-02-27 07:08:43,59,518
947,message,1,Fundamental global installation,2023-02-27 21:22:30,963,686
948,message,1,Networked logistical contingency,2023-02-27 01:20:26,898,836
949,story,1,Configurable encompassing project,2023-02-27 16:09:43,884,35
950,story,1,Distributed fresh-thinking intranet,2023-02-28 22:19:02,158,410
951,story,1,Customer-focused real-time hub,2023-02-28 03:53:05,962,232
952,story,1,Re-engineered demand-driven instruction set,2023-02-27 00:41:41,798,536
953,message,0,Business-focused maximized application,2023-02-27 09:41:20,87,512
954,message,0,Balanced intermediate encoding,2023-02-27 16:00:03,810,431
955,story,1,Implemented didactic database,2023-02-28 14:54:24,448,851
956,message,1,Innovative secondary success,2023-02-28 16:15:08,220,184
957,story,1,Face to face executive adapter,2023-02-28 14:02:23,790,926
958,story,0,Realigned intermediate software,2023-02-28 23:59:26,960,15
959,story,0,Future-proofed systematic parallelism,2023-02-27 14:01:22,811,625
960,message,0,De-engineered multi-tasking middleware,2023-02-28 12:23:33,522,905
961,story,0,Open-architected discrete protocol,2023-02-27 01:01:55,314,448
962,story,0,Extended radical algorithm,2023-02-28 12:48:53,884,649
963,story,1,Digitized logistical throughput,2023-02-27 15:38:16,533,624
964,story,1,Persevering bottom-line core,2023-02-28 03:59:52,200,177
965,message,1,Pre-emptive human-resource challenge,2023-02-28 13:40:52,269,870
966,story,1,Triple-buffered composite time-frame,2023-02-28 18:52:29,949,996
967,message,1,Organized motivating protocol,2023-02-27 03:47:13,773,302
968,message,0,Fully-configurable zero defect interface,2023-02-27 15:05:05,795,707
969,message,0,Business-focused fresh-thinking help-desk,2023-02-28 06:49:35,216,250
970,story,1,Function-based coherent secured line,2023-02-28 02:04:19,488,52
971,story,0,Managed even-keeled encryption,2023-02-28 17:25:13,800,734
972,message,1,Expanded scalable analyzer,2023-02-27 10:31:48,588,39
973,story,0,Versatile 24 hour artificial intelligence,2023-02-27 23:41:53,970,227
974,story,0,Multi-lateral fresh-thinking access,2023-02-28 16:01:24,882,109
975,story,1,Configurable zero tolerance interface,2023-02-28 07:47:46,921,696
976,story,0,Visionary multimedia focus group,2023-02-28 16:05:27,761,236
977,story,0,Multi-layered upward-trending access,2023-02-27 09:37:42,182,121
978,message,1,Automated attitude-oriented customer loyalty,2023-02-27 04:55:07,518,871
979,story,0,Adaptive stable budgetary management,2023-02-28 06:15:47,461,425
980,story,1,Horizontal coherent Graphic Interface,2023-02-27 13:42:44,45,362
981,story,0,Customizable cohesive open architecture,2023-02-27 22:06:57,770,702
982,message,0,Quality-focused modular conglomeration,2023-02-28 04:42:52,662,517
983,story,0,Assimilated systematic frame,2023-02-27 05:43:10,824,303
984,story,0,User-centric didactic success,2023-02-27 10:48:55,758,114
985,story,0,Front-line logistical info-mediaries,2023-02-28 19:21:43,860,519
986,story,1,Upgradable optimizing task-force,2023-02-27 06:34:27,826,723
987,story,1,Function-based multimedia hardware,2023-02-27 18:11:14,722,945
988,message,1,Reactive systematic migration,2023-02-28 18:47:00,139,145
989,message,1,Future-proofed eco-centric interface,2023-02-28 15:46:01,860,706
990,message,0,Profit-focused intermediate structure,2023-02-27 07:58:02,485,148
991,message,0,Streamlined context-sensitive product,2023-02-28 03:41:41,173,243
992,message,0,Object-based asymmetric orchestration,2023-02-28 23:41:14,92,326
993,story,1,Centralized object-oriented emulation,2023-02-28 13:04:23,297,958
994,message,1,Seamless fault-tolerant software,2023-02-28 19:00:24,807,667
995,story,1,Decentralized directional initiative,2023-02-27 11:17:50,103,302
996,story,0,Ergonomic impactful complexity,2023-02-28 03:12:49,752,789
997,story,1,Exclusive bandwidth-monitored matrix,2023-02-27 23:37:27,188,883
998,message,1,Virtual client-driven hub,2023-02-28 20:01:34,125,346
999,story,0,Streamlined non-volatile architecture,2023-02-27 19:45:13,946,649
1000,message,0,Synergistic 5th generation instruction set,2023-02-27 14:42:16,491,494
