1,Bartell Group,France,medium,Inwood,8:22,22:46,1.8,1
2,Bernier and Sons,Philippines,cheap,Financial District,10:10,21:52,1.2,0
3,"Wuckert, Ankunding and Collins",Cuba,cheap,Chelsea,10:59,21:58,2.5,0
4,Gutmann LLC,United Kingdom,medium,Meatpacking District,10:16,21:26,1.4,0
5,Robel and Sons,Portugal,cheap,East Harlem,11:22,18:03,1.8,0
6,"Rodriguez, Christiansen and Bradtke",China,cheap,Chinatown,10:51,20:28,4.3,0
7,Adams and Sons,Russia,expensive,Battery Park City,10:38,21:03,5.0,0
8,Jakubowski Inc,Armenia,cheap,Battery Park City,9:33,18:35,3.2,0
9,Ebert-Robel,Indonesia,medium,Marble Hill,10:56,20:03,1.2,0
10,Dibbert Group,Thailand,medium,Marble Hill,9:59,20:49,2.1,1
11,Kuhn-Cartwright,Brazil,cheap,Harlem,9:59,18:41,4.3,0
12,Lehner-Yundt,Brazil,cheap,Meatpacking District,8:40,21:46,4.4,1
13,Ziemann-Vandervort,Peru,cheap,Lenox Hill,8:15,20:14,2.7,0
14,"Howe, DuBuque and Larkin",China,expensive,Gramercy Park,8:46,21:34,2.0,1
15,Mann-Wolff,China,expensive,Hamilton Heights,11:29,22:34,1.3,1
16,Harber-Rolfson,Indonesia,medium,Gramercy Park,11:03,20:54,3.6,0
17,Rath-Gottlieb,Sweden,cheap,Lincoln Square,11:36,20:29,2.8,1
18,"Greenfelder, Bailey and Labadie",France,medium,Kips Bay,11:20,22:29,2.6,0
19,Kuhn LLC,Portugal,expensive,Civic Center,10:17,20:23,2.4,0
20,O'Hara and Sons,China,cheap,Garment District,6:36,19:16,3.9,0
21,Runte Inc,Nigeria,medium,Manhattanville,10:31,21:28,3.4,1
22,"Schimmel, Tremblay and Romaguera",Tunisia,cheap,Battery Park City,7:36,18:00,3.7,0
23,Beer LLC,China,cheap,Garment District,11:28,22:58,4.7,0
24,Schmitt-Koch,China,expensive,Civic Center,8:07,23:02,4.2,0
25,Bernier-Herman,China,expensive,Flatiron District,10:09,18:35,3.5,1
26,"Altenwerth, Gulgowski and Rice",Philippines,expensive,Garment District,8:19,19:28,1.4,1
27,Mohr-Cummerata,Latvia,medium,Harlem,8:06,19:14,4.3,0
28,Steuber-Pacocha,Philippines,expensive,Lenox Hill,8:33,21:00,3.2,1
29,Kuphal-Dibbert,China,medium,Battery Park City,9:33,22:23,1.3,1
30,Goyette-Wilderman,Greece,medium,Little Italy,6:32,21:50,3.8,0
31,Tromp and Sons,Mexico,medium,Marble Hill,7:48,21:49,1.4,0
32,Ward-Torphy,China,cheap,Lincoln Square,11:28,23:27,3.0,0
33,Grimes Inc,Peru,medium,Civic Center,8:38,18:44,2.2,1
34,Kilback Group,Indonesia,cheap,Hamilton Heights,8:00,22:55,1.7,0
35,Donnelly Inc,Slovenia,expensive,Inwood,10:22,21:21,1.7,0
36,Kuvalis-Kautzer,Poland,medium,Lenox Hill,6:39,23:53,3.2,1
37,Hodkiewicz and Sons,Indonesia,cheap,Carnegie Hill,9:59,22:23,4.5,0
38,"Weber, Leuschke and Parisian",China,expensive,Flatiron District,9:23,20:52,4.3,1
39,Kuhic Group,Philippines,cheap,Little Italy,10:57,22:56,3.9,0
40,Daniel Group,Philippines,expensive,Little Italy,9:03,23:33,4.8,1
41,Harber-Hoppe,Brazil,cheap,Hell's Kitchen,6:53,18:50,3.0,0
42,"Schmitt, Hilpert and O'Reilly",Indonesia,medium,East Harlem,10:21,19:06,4.7,1
43,Borer-Marquardt,Philippines,expensive,East Harlem,7:22,19:43,3.0,0
44,Walker Group,Chile,expensive,Hamilton Heights,10:13,18:06,2.5,0
45,Boehm-Lueilwitz,Norway,expensive,Lincoln Square,8:24,21:01,2.6,0
46,Stark Group,China,expensive,Hell's Kitchen,11:40,23:08,3.5,1
47,"Pagac, Zboncak and Schuster",Brazil,expensive,Lenox Hill,8:11,18:07,4.0,0
48,Schmeler-Murray,Russia,cheap,Greenwich Village,8:11,20:09,1.5,1
49,"Hayes, Legros and Ortiz",Sweden,expensive,Kips Bay,10:14,19:18,1.5,1
50,"Pagac, White and Willms",Philippines,cheap,Manhattanville,11:55,22:04,4.1,1
51,"Flatley, Schaden and Langworth",Russia,medium,Harlem,10:32,21:35,3.1,1
52,Hartmann Inc,China,expensive,Lincoln Square,11:55,23:41,4.0,0
53,Grant Inc,Costa Rica,cheap,Greenwich Village,6:17,20:04,1.2,1
54,Watsica Group,Indonesia,medium,Greenwich Village,11:30,23:28,5.0,0
55,Bauch-Keeling,Poland,cheap,Hamilton Heights,6:30,20:27,2.7,1
56,"Rempel, Dooley and Dare",Canada,expensive,Lincoln Square,8:42,19:43,4.1,0
57,Feeney and Sons,Russia,cheap,Lower East Side,7:43,23:48,4.8,1
58,Green Inc,Kosovo,cheap,East Harlem,10:31,18:28,4.3,0
59,Effertz LLC,China,expensive,Manhattan Valley,7:32,22:14,3.6,1
60,Doyle and Sons,North Korea,medium,Gramercy Park,11:38,20:37,2.5,0
61,"Tremblay, Cartwright and Kirlin",Montenegro,medium,Lincoln Square,11:12,20:32,2.3,0
62,"Sporer, Nicolas and Johns",Portugal,medium,Financial District,11:49,22:13,2.3,1
63,"Kassulke, Altenwerth and Raynor",Thailand,cheap,Hell's Kitchen,10:28,19:51,2.8,1
64,Ruecker-Gottlieb,China,expensive,Carnegie Hill,10:57,22:34,1.2,1
65,"Blick, Kiehn and Barrows",China,medium,Inwood,9:59,23:24,4.0,1
66,"Ullrich, Abshire and Pacocha",Kosovo,cheap,Greenwich Village,11:19,18:53,3.5,0
67,Collins Inc,France,medium,Financial District,7:17,19:14,2.6,0
68,"Hayes, Schmidt and Luettgen",Uzbekistan,expensive,Lower East Side,6:08,22:13,2.5,0
69,Mohr-Zulauf,Honduras,expensive,Hell's Kitchen,10:57,21:47,4.9,1
70,Dickinson LLC,Somalia,cheap,Greenwich Village,7:49,23:57,2.8,0
71,Lindgren Group,Nicaragua,expensive,Harlem,8:57,21:02,3.3,0
72,Bogan-Rice,Poland,cheap,Lincoln Square,6:25,19:13,4.3,0
73,Goyette-Zieme,Thailand,cheap,Hamilton Heights,7:00,23:21,5.0,1
74,Ernser-Kutch,Poland,medium,Hamilton Heights,9:13,22:25,4.6,1
75,"Stehr, DuBuque and Gibson",Sudan,cheap,Chinatown,7:48,23:37,2.3,1
76,Witting-Zemlak,United States,expensive,Greenwich Village,8:07,18:42,1.8,1
77,"Beatty, Von and Thiel",Russia,cheap,Carnegie Hill,9:54,21:10,2.8,1
78,"Kovacek, Russel and Nolan",Russia,expensive,Civic Center,7:36,22:31,2.4,1
79,Kertzmann-Beier,Sri Lanka,medium,Chelsea,9:23,20:27,4.5,0
80,"Adams, Lemke and Roberts",China,expensive,Lenox Hill,6:37,19:03,4.8,0
81,Windler-Von,Brazil,cheap,Garment District,7:50,18:16,2.6,0
82,"Gorczany, Senger and Marvin",Kazakhstan,medium,Little Italy,10:14,22:40,3.3,1
83,Brakus and Sons,China,medium,East Harlem,6:31,23:11,2.7,0
84,Weissnat and Sons,South Africa,cheap,Gramercy Park,7:46,19:01,1.1,1
85,"Mraz, Halvorson and Okuneva",China,expensive,Hamilton Heights,10:50,18:02,3.3,1
86,Johns LLC,Russia,expensive,Financial District,10:12,20:08,3.2,1
87,Gulgowski-Upton,China,cheap,Lower East Side,11:25,21:11,4.6,1
88,"Walsh, King and Turner",China,medium,Greenwich Village,9:22,19:34,4.2,1
89,"Pfannerstill, Larson and Cruickshank",Portugal,medium,Garment District,6:51,18:47,4.8,1
90,"Wehner, Quigley and Welch",Russia,cheap,Hamilton Heights,11:54,18:07,2.0,0
91,Shields-Harvey,Sweden,cheap,Lincoln Square,11:07,20:53,4.9,0
92,Jones-Runte,Honduras,cheap,Marble Hill,7:26,20:59,3.9,0
93,Gerlach LLC,Indonesia,expensive,Hamilton Heights,10:49,19:52,3.1,1
94,Gusikowski and Sons,Vanuatu,medium,Manhattan Valley,10:36,19:37,3.7,0
95,"Spencer, Kohler and Carroll",Peru,medium,Gramercy Park,11:45,22:20,4.3,0
96,Thiel-Haley,Nicaragua,medium,Hamilton Heights,8:48,23:39,1.1,0
97,Barrows Group,China,medium,Inwood,8:13,22:22,3.8,0
98,"Dietrich, Larkin and Terry",China,medium,Flatiron District,6:38,18:01,3.8,1
99,Prosacco Group,China,expensive,Manhattan Valley,11:34,20:21,1.5,1
100,"Halvorson, Osinski and Oberbrunner",Sweden,medium,Manhattanville,11:06,22:08,4.9,0
101,"Ritchie, Kuhn and McLaughlin",China,expensive,Lincoln Square,6:22,19:36,3.5,0
102,"Zulauf, Borer and Terry",Lesotho,expensive,Battery Park City,11:31,20:36,3.6,0
103,Corwin-Streich,Mongolia,medium,Lenox Hill,7:36,18:24,3.3,1
104,Runolfsdottir-McKenzie,Vietnam,cheap,Lower East Side,8:16,22:45,2.1,0
105,"Labadie, Zulauf and Haley",Indonesia,medium,Garment District,9:19,19:25,1.3,0
106,Cormier-Kertzmann,Czech Republic,cheap,Manhattanville,8:10,19:03,1.7,1
107,"Feeney, Huels and Conn",Czech Republic,medium,Hell's Kitchen,9:39,18:02,3.7,0
108,Nader-Bahringer,Tanzania,cheap,Harlem,9:40,23:22,2.0,1
109,"Price, Fay and Bashirian",Thailand,cheap,Lincoln Square,11:42,20:41,3.3,0
110,Daniel-Zulauf,Albania,cheap,Lenox Hill,8:04,22:57,4.2,1
111,Gutkowski-Ullrich,Russia,medium,Chelsea,7:09,18:33,2.4,1
112,Hintz and Sons,Indonesia,medium,Civic Center,8:57,18:16,2.7,0
113,McLaughlin and Sons,China,medium,Meatpacking District,8:45,19:11,3.4,1
114,Breitenberg Group,San Marino,expensive,Chinatown,10:43,20:31,4.0,1
115,Bednar-Pollich,Ethiopia,cheap,Garment District,6:47,20:16,4.5,0
116,Deckow Group,China,cheap,Flatiron District,10:00,22:57,3.5,0
117,"O'Hara, Ledner and McKenzie",Greece,cheap,Garment District,10:17,23:13,3.9,1
118,Hilpert-Crist,Estonia,cheap,Little Italy,8:44,21:40,3.4,1
119,Toy-Bailey,Finland,cheap,Manhattan Valley,6:09,23:38,2.2,0
120,Murazik-Jacobi,China,cheap,Kips Bay,8:53,22:22,2.8,0
121,Tillman Inc,United States,medium,Marble Hill,11:06,22:31,4.4,1
122,Schimmel Group,Iraq,cheap,Flatiron District,10:17,18:24,1.4,1
123,Mraz Inc,Jordan,expensive,Manhattan Valley,8:27,18:04,3.8,1
124,Lueilwitz-Bauch,Poland,expensive,Financial District,6:57,20:27,4.4,0
125,Mitchell-Heaney,Brazil,medium,Hamilton Heights,10:18,22:34,1.8,0
126,"Marvin, Maggio and Klocko",China,medium,Little Italy,8:06,22:08,2.1,1
127,Harris and Sons,Philippines,cheap,Marble Hill,7:28,19:02,4.4,0
128,Schimmel-Keeling,Indonesia,expensive,Gramercy Park,7:35,20:31,3.1,1
129,Dare Group,Vietnam,expensive,Manhattan Valley,8:08,22:50,4.0,1
130,Willms-Kunde,Dominican Republic,expensive,Financial District,10:22,20:14,1.4,0
131,"Herzog, Towne and Leffler",China,medium,Little Italy,10:52,23:35,4.4,0
132,Labadie LLC,United States,cheap,Greenwich Village,8:10,20:15,1.6,1
133,"Lowe, Hansen and Vandervort",China,medium,Lower East Side,7:47,18:56,1.5,1
134,Kerluke Inc,France,expensive,Manhattan Valley,7:44,22:23,1.4,0
135,"Bailey, Zboncak and Pouros",China,medium,Meatpacking District,6:43,20:18,4.0,0
136,"Kertzmann, Rogahn and Jacobi",China,cheap,Meatpacking District,9:56,20:11,1.2,0
137,Gislason Inc,Brazil,expensive,Harlem,8:53,21:49,1.2,1
138,"Koepp, Brekke and Kerluke",Philippines,cheap,East Village,6:23,18:23,2.0,0
139,"Gusikowski, Ferry and Hayes",China,cheap,Hamilton Heights,10:14,23:03,2.8,0
140,Feeney-Bode,Poland,cheap,Greenwich Village,11:25,23:28,2.1,1
141,McKenzie-Huels,Sweden,expensive,Meatpacking District,7:34,19:54,3.4,0
142,Leuschke Inc,Indonesia,cheap,Lower East Side,9:56,22:26,1.6,1
143,"Crist, Jones and Powlowski",United States,medium,Lincoln Square,6:16,20:26,4.0,0
144,Frami and Sons,Colombia,medium,Lower East Side,10:20,18:54,1.1,0
145,"Bahringer, Lind and Gutmann",Japan,medium,Flatiron District,8:59,20:30,4.6,0
146,Shields-Smith,France,medium,Civic Center,10:19,22:54,3.7,0
147,Johns-Stamm,Indonesia,cheap,Manhattan Valley,7:31,21:20,1.2,0
148,"Yundt, Conn and Walker",Colombia,cheap,Financial District,11:32,18:10,1.4,1
149,"Olson, Rau and Lynch",Argentina,medium,Lower East Side,7:05,19:41,1.5,1
150,"Roob, Lindgren and Mueller",Indonesia,cheap,Meatpacking District,8:25,21:14,4.4,1
151,Bayer-Rohan,China,medium,Harlem,7:13,20:30,1.2,1
152,"Kulas, Spencer and West",South Africa,cheap,Gramercy Park,11:20,19:06,2.3,1
153,Schinner-Ziemann,China,medium,Battery Park City,6:40,22:47,1.0,0
154,Zemlak Inc,Russia,cheap,Hamilton Heights,7:23,23:45,1.8,1
155,Hauck Inc,Poland,medium,East Village,7:18,23:39,4.4,0
156,"Walsh, Beer and Goyette",France,cheap,Garment District,8:15,22:20,1.0,0
157,MacGyver-Sanford,Indonesia,cheap,Meatpacking District,9:52,21:00,3.6,0
158,Baumbach and Sons,Colombia,expensive,Gramercy Park,8:34,20:58,1.1,1
159,Schulist LLC,China,cheap,Harlem,9:25,22:44,1.9,1
160,"Gutmann, Lueilwitz and Heller",United States,expensive,Gramercy Park,9:27,18:07,2.7,1
161,Buckridge-Cummings,Slovenia,cheap,Flatiron District,8:33,23:30,4.8,0
162,"Oberbrunner, Daniel and Krajcik",China,expensive,Flatiron District,7:16,18:59,4.4,1
163,Hammes-Bergnaum,Philippines,medium,Civic Center,10:21,18:18,4.6,1
164,Bauch Inc,China,cheap,East Village,8:43,19:34,4.3,1
165,Rohan Group,Indonesia,medium,Civic Center,7:38,23:04,4.5,1
166,Howell Group,Indonesia,cheap,Carnegie Hill,11:58,19:37,2.2,1
167,"MacGyver, Wisoky and Rosenbaum",United States,medium,Lower East Side,8:16,21:27,1.4,0
168,Harvey-Howe,Colombia,cheap,Manhattan Valley,10:34,22:30,4.9,0
169,Daugherty-Kautzer,Czech Republic,expensive,Manhattanville,10:02,21:04,2.5,0
170,Gleichner-Gutkowski,China,medium,Hell's Kitchen,10:46,22:59,2.5,1
171,Kuphal LLC,Sweden,cheap,Kips Bay,7:20,23:21,4.0,1
172,Pfannerstill Group,Niger,cheap,Marble Hill,10:51,20:53,3.4,0
173,Rogahn Inc,China,expensive,East Harlem,9:23,22:57,4.0,0
174,"Koepp, Stiedemann and Johnson",Indonesia,medium,Inwood,10:48,23:46,1.5,0
175,"Champlin, Botsford and MacGyver",Croatia,cheap,Marble Hill,10:35,21:49,3.8,0
176,Nikolaus LLC,Tunisia,medium,Little Italy,10:50,18:56,1.8,1
177,Little and Sons,Indonesia,expensive,Garment District,7:52,23:20,4.7,0
178,Schiller-Borer,Ukraine,cheap,East Harlem,9:01,22:17,4.8,1
179,Schinner-Kemmer,Israel,cheap,Kips Bay,11:22,19:58,2.3,0
180,Strosin-Wolff,China,cheap,Meatpacking District,9:04,21:15,1.7,0
181,Bernhard LLC,China,expensive,Inwood,9:07,20:44,2.8,0
182,Marks-Stoltenberg,China,medium,East Harlem,10:23,20:55,4.8,1
183,"Ernser, Rosenbaum and Blick",Poland,expensive,Hamilton Heights,6:36,19:59,1.5,0
184,"Lebsack, Abernathy and Okuneva",Indonesia,medium,Chelsea,6:39,19:05,4.5,1
185,Skiles Inc,Sweden,expensive,Meatpacking District,10:48,20:08,2.8,0
186,Herman Inc,China,cheap,Flatiron District,10:10,19:02,3.6,1
187,"Kilback, Herman and Bernhard",Philippines,expensive,Manhattanville,10:41,19:26,1.1,1
188,White-Dach,Thailand,medium,Carnegie Hill,6:07,19:23,1.8,0
189,Marks Inc,Niger,cheap,Greenwich Village,11:04,22:41,3.0,0
190,Spinka Inc,Indonesia,medium,Gramercy Park,10:57,19:27,2.1,0
191,Bosco Group,Indonesia,expensive,Financial District,9:12,18:43,2.1,0
192,Jacobson Group,Madagascar,expensive,East Village,6:45,20:49,2.3,0
193,Labadie Group,Indonesia,expensive,Garment District,6:22,19:51,4.5,0
194,Mohr-Gerlach,Canada,medium,Battery Park City,11:03,20:12,2.0,1
195,Howell Group,Greece,medium,Marble Hill,6:55,20:53,2.8,0
196,Ortiz-Kuphal,France,medium,Carnegie Hill,11:21,18:11,4.7,0
197,"Ruecker, Walsh and Homenick",Paraguay,cheap,Chelsea,6:16,18:58,2.0,1
198,Hilll-Watsica,Colombia,cheap,Civic Center,11:07,19:25,3.4,0
199,Mitchell-Nader,China,medium,Hamilton Heights,6:05,23:09,2.2,0
200,Morar-Sipes,Greece,cheap,Meatpacking District,9:53,23:41,1.9,1
201,Stracke LLC,Sweden,medium,Hell's Kitchen,7:14,18:17,3.1,1
202,Lehner-Hyatt,China,cheap,Chinatown,8:43,23:24,1.2,0
203,Paucek LLC,China,cheap,Lincoln Square,6:25,21:28,2.3,0
204,"Mueller, Leffler and Stroman",Democratic Republic of the Congo,cheap,Greenwich Village,7:21,18:09,3.9,1
205,"Deckow, West and Kutch",Martinique,cheap,Greenwich Village,10:18,21:57,1.9,1
206,"Auer, Zboncak and Hoeger",Vietnam,medium,Carnegie Hill,8:02,19:10,2.2,1
207,Johnston and Sons,Uzbekistan,medium,Hamilton Heights,6:13,21:00,1.8,0
208,Kuvalis-Jerde,Indonesia,cheap,Financial District,11:31,19:03,1.8,1
209,Bruen-Lang,Zambia,cheap,Gramercy Park,11:37,22:42,3.5,0
210,"Buckridge, Dicki and Ferry",Mexico,cheap,East Village,8:51,22:37,1.1,1
211,Spinka-Gislason,Indonesia,medium,Gramercy Park,9:40,18:14,3.0,0
212,"Schulist, Roob and Goodwin",China,cheap,Meatpacking District,6:07,19:32,2.3,1
213,"Moore, Cremin and Gutkowski",Canada,medium,Hamilton Heights,7:52,19:22,1.2,1
214,"Lebsack, Murray and Parisian",Albania,cheap,Hamilton Heights,10:08,20:14,3.7,0
215,"Rowe, Rice and Crona",Ecuador,expensive,Manhattanville,8:06,22:04,1.3,1
216,Dach Inc,South Korea,cheap,Hell's Kitchen,6:53,21:52,4.2,0
217,Bartell Inc,Portugal,expensive,Chelsea,10:42,18:35,2.1,1
218,"Herzog, Pfeffer and Turner",China,expensive,East Village,6:42,21:29,1.6,0
219,Ryan-Nader,Colombia,expensive,East Village,8:52,18:42,1.1,1
220,Lind-Pfannerstill,Japan,medium,Hamilton Heights,6:05,20:41,3.6,1
221,Romaguera Group,Sierra Leone,cheap,Manhattanville,11:44,20:19,1.2,0
222,"Fisher, Homenick and Jast",Philippines,medium,Marble Hill,7:37,21:53,3.8,1
223,Kilback Inc,France,medium,Flatiron District,11:23,23:58,5.0,1
224,Bins and Sons,China,expensive,Hamilton Heights,8:17,18:54,4.7,1
225,"Terry, Sawayn and Predovic",Russia,expensive,Greenwich Village,11:34,21:16,2.8,0
226,Shields and Sons,China,cheap,Kips Bay,7:09,19:37,2.8,0
227,Bailey-Nikolaus,China,cheap,Kips Bay,8:31,20:08,3.5,1
228,Kovacek LLC,Egypt,medium,Battery Park City,6:18,19:56,4.7,1
229,"Heaney, Gaylord and Crooks",Poland,expensive,Little Italy,6:43,19:23,2.6,1
230,Hintz and Sons,Luxembourg,cheap,Gramercy Park,7:50,20:28,2.0,0
231,Gutkowski-Runolfsdottir,United States,cheap,Battery Park City,6:50,19:51,1.5,0
232,Klocko LLC,Colombia,cheap,Manhattanville,7:30,23:38,1.9,1
233,Hirthe-Ruecker,Peru,cheap,Battery Park City,8:28,18:34,3.9,0
234,Steuber-Mante,Sweden,expensive,Greenwich Village,8:29,22:41,3.1,0
235,Berge and Sons,France,expensive,Lincoln Square,11:15,19:47,2.2,0
236,Koepp-Reynolds,Brazil,medium,Hell's Kitchen,8:19,18:11,4.6,0
237,Dare-Erdman,Canada,cheap,Little Italy,8:47,23:47,3.3,1
238,"Rippin, Effertz and Carroll",Estonia,expensive,Lower East Side,8:50,21:13,3.3,1
239,Crist-Rempel,Argentina,medium,Manhattan Valley,7:11,19:59,2.9,1
240,Greenholt Inc,Brazil,expensive,Battery Park City,11:42,19:31,4.6,1
241,Cummerata LLC,Indonesia,medium,Little Italy,11:48,21:00,3.4,0
242,Kuvalis-Lowe,Indonesia,cheap,East Village,9:49,19:28,4.1,1
243,Brakus-Kunze,Mongolia,medium,Lower East Side,6:22,22:22,4.5,1
244,Kulas-Lynch,United Kingdom,cheap,Civic Center,11:23,19:28,4.2,0
245,"Leffler, Bailey and Russel",Portugal,medium,Greenwich Village,11:49,19:05,5.0,0
246,Lebsack LLC,Slovenia,medium,Meatpacking District,11:10,20:34,1.8,0
247,"Gleichner, Ondricka and Champlin",Slovenia,medium,Flatiron District,9:26,21:31,4.9,1
248,"Purdy, Grimes and Jacobson",Portugal,expensive,Lincoln Square,7:06,20:57,3.8,1
249,Hilll Inc,Indonesia,expensive,Gramercy Park,9:57,18:56,1.0,0
250,Prohaska-Wiza,United Kingdom,medium,Garment District,9:26,22:41,1.6,0
251,Powlowski-Leuschke,China,medium,Manhattan Valley,6:55,22:18,3.8,1
252,"Corkery, Rowe and Deckow",Guatemala,medium,Civic Center,8:42,19:39,2.7,0
253,Robel Inc,Greece,medium,Gramercy Park,11:25,20:42,3.1,1
254,Wunsch-Erdman,Ireland,medium,Hell's Kitchen,10:20,22:38,4.1,0
255,Hayes Group,Philippines,medium,Chinatown,9:34,19:44,3.4,1
256,Rice and Sons,China,expensive,Hell's Kitchen,11:44,18:22,2.3,1
257,"Connelly, Mills and Hilpert",China,cheap,Civic Center,6:19,23:06,4.9,1
258,Simonis Group,Hungary,medium,Financial District,8:35,21:06,3.3,1
259,Trantow Inc,Russia,cheap,Meatpacking District,6:54,22:29,4.9,0
260,"Conn, Murray and Hoeger",Indonesia,expensive,Gramercy Park,8:34,21:38,2.8,0
261,"Hauck, Sawayn and Glover",Tunisia,cheap,Lincoln Square,9:05,19:37,4.3,1
262,Dare Inc,Indonesia,expensive,Greenwich Village,6:07,21:17,2.7,1
263,Nienow-West,United States,cheap,Kips Bay,8:54,21:41,5.0,1
264,Koelpin Inc,Mexico,medium,Hamilton Heights,11:16,20:06,1.5,1
265,"Abbott, Lynch and Stark",China,expensive,Marble Hill,9:16,18:12,2.4,0
266,Emard-Tromp,Mali,cheap,Hamilton Heights,11:26,22:36,4.2,1
267,"Von, Kerluke and Schulist",United States,expensive,Manhattanville,6:18,19:15,3.3,0
268,Wisozk and Sons,Indonesia,cheap,East Village,6:24,20:58,3.0,0
269,"Murazik, Dach and Ratke",China,expensive,Carnegie Hill,6:29,21:35,4.1,1
270,Schmitt-Harvey,Russia,medium,Hamilton Heights,10:53,21:26,2.3,1
271,"Collins, Ledner and Olson",China,expensive,Carnegie Hill,11:56,23:16,1.6,1
272,"Kihn, Wunsch and Collier",Greece,cheap,Meatpacking District,10:23,19:28,4.8,0
273,Konopelski and Sons,Czech Republic,cheap,Greenwich Village,10:52,19:12,3.8,1
274,Schimmel-Hagenes,Yemen,expensive,Lower East Side,8:17,20:42,4.0,1
275,Labadie Inc,Portugal,expensive,Little Italy,6:03,20:59,4.7,0
276,Hayes Group,Portugal,cheap,Carnegie Hill,9:47,19:05,4.5,0
277,Morar Group,Russia,medium,East Harlem,9:37,22:44,3.9,0
278,King and Sons,Philippines,cheap,Inwood,10:35,23:37,3.0,0
279,"Kozey, Stark and Von",Philippines,medium,Lincoln Square,8:35,21:03,1.2,0
280,Zulauf-Roob,Czech Republic,expensive,Marble Hill,8:41,20:47,2.5,1
281,Bauch LLC,France,medium,Flatiron District,6:21,22:24,4.9,0
282,Donnelly-Kohler,Kazakhstan,medium,Kips Bay,9:37,18:41,2.5,0
283,"Carroll, Kuhlman and Greenfelder",Djibouti,medium,Battery Park City,9:17,21:19,3.6,0
284,"Raynor, Wiegand and Mann",Peru,medium,Gramercy Park,11:50,20:43,3.1,0
285,Heathcote-Kub,China,expensive,Meatpacking District,10:32,23:09,4.0,0
286,Denesik-Breitenberg,China,expensive,Lenox Hill,8:11,22:04,1.7,1
287,Sipes-Barton,South Africa,expensive,Financial District,11:33,20:36,1.1,0
288,Mertz LLC,Czech Republic,expensive,Harlem,11:43,21:48,3.2,1
289,"Ullrich, Raynor and Rolfson",China,cheap,Lincoln Square,11:24,18:06,2.9,1
290,Wilkinson-Quigley,United States,cheap,Inwood,6:55,20:52,3.6,0
291,Buckridge Group,Malawi,medium,Hamilton Heights,11:26,20:05,3.7,1
292,Yost LLC,China,medium,Greenwich Village,8:52,18:22,1.9,1
293,Cassin LLC,Slovenia,cheap,Gramercy Park,11:23,18:58,3.2,1
294,"Stoltenberg, Grant and Renner",China,cheap,Manhattan Valley,11:56,18:18,3.7,1
295,Beer-Hoeger,Czech Republic,expensive,Lower East Side,7:23,21:39,3.3,0
296,McCullough-Rodriguez,Indonesia,expensive,Chelsea,8:32,22:25,1.1,0
297,Purdy-Jacobson,Indonesia,medium,Hell's Kitchen,10:21,21:01,4.4,1
298,Bernhard LLC,Iran,expensive,Chelsea,10:30,22:36,1.7,0
299,Price-Trantow,Greece,expensive,Chinatown,11:33,19:28,2.3,1
300,Will LLC,China,medium,Carnegie Hill,11:23,23:03,4.7,0
301,Turner and Sons,Indonesia,expensive,East Village,11:14,19:01,2.7,0
302,Zieme Group,China,expensive,Civic Center,10:41,21:26,2.2,0
303,Gleason-Will,Russia,cheap,Hell's Kitchen,7:10,22:41,4.2,1
304,Dach Inc,Poland,expensive,Gramercy Park,7:44,18:05,1.8,1
305,Kirlin Inc,Indonesia,medium,Harlem,9:51,23:24,3.9,1
306,Strosin and Sons,Poland,medium,Lincoln Square,8:59,18:33,3.7,0
307,"Trantow, Dicki and Olson",Hungary,medium,Lower East Side,10:17,18:01,2.2,0
308,"Pollich, Fahey and Green",Russia,expensive,Civic Center,7:16,18:01,1.2,1
309,Kohler Group,Indonesia,cheap,Lower East Side,10:00,22:36,1.0,0
310,Gutkowski-Collins,Poland,expensive,Harlem,11:00,21:26,1.7,0
311,Heaney and Sons,Indonesia,cheap,Hamilton Heights,7:34,22:16,3.3,1
312,Lesch-Beatty,China,cheap,Lower East Side,6:45,21:47,1.4,0
313,Paucek-Littel,Brazil,medium,East Village,7:44,20:39,3.9,1
314,O'Hara and Sons,Estonia,medium,Battery Park City,6:20,20:00,4.3,0
315,Yost-Rippin,China,cheap,Lincoln Square,7:22,23:06,4.6,0
316,"Hessel, O'Reilly and Goldner",Kenya,medium,Inwood,7:21,21:19,2.7,1
317,Kutch-Mann,Kenya,expensive,Hamilton Heights,8:56,22:31,1.1,1
318,Nienow-Marks,Colombia,medium,Civic Center,8:21,20:27,2.1,1
319,"Kihn, Bosco and Grady",Argentina,cheap,Hamilton Heights,6:35,23:38,1.3,1
320,Bayer-Moen,Mongolia,medium,Greenwich Village,9:09,22:46,4.0,0
321,Leuschke LLC,Indonesia,cheap,Harlem,9:35,21:43,3.1,0
322,Langworth Inc,Ethiopia,cheap,Greenwich Village,6:00,18:51,2.0,0
323,Bode-Donnelly,Canada,expensive,Battery Park City,10:38,18:49,4.9,0
324,Fay Group,China,cheap,East Village,8:55,22:20,2.6,1
325,Corwin-Sporer,Russia,expensive,Gramercy Park,9:32,21:12,4.8,1
326,"Fay, Tremblay and Toy",Norway,medium,Lincoln Square,9:18,22:30,3.3,1
327,Casper-Walter,Moldova,cheap,Chelsea,10:48,23:29,1.0,0
328,"Lang, Turner and Leffler",Malta,cheap,Lincoln Square,7:27,21:10,3.8,0
329,Borer Inc,Croatia,medium,Flatiron District,10:36,18:01,4.7,1
330,Doyle Group,Cuba,medium,Kips Bay,6:57,21:37,5.0,0
331,"Braun, Mraz and Beier",Mexico,cheap,Financial District,7:56,18:31,1.6,0
332,Steuber Inc,Guatemala,medium,Marble Hill,11:34,22:36,4.5,0
333,"Batz, Gerhold and Zboncak",Montenegro,expensive,Civic Center,11:41,20:56,3.1,0
334,"Hessel, Bernhard and Lebsack",Luxembourg,medium,Little Italy,10:36,19:31,4.1,0
335,"Conn, Daniel and Nolan",Ukraine,medium,Kips Bay,10:09,18:31,2.7,0
336,"Schmidt, Renner and Mosciski",Albania,medium,Gramercy Park,9:50,21:34,2.3,0
337,"Ritchie, Bergstrom and Champlin",Kuwait,expensive,Lincoln Square,11:02,21:57,1.4,0
338,Kohler-Koelpin,Philippines,medium,Chelsea,9:57,20:50,2.3,1
339,Ernser LLC,China,medium,Meatpacking District,9:13,19:22,4.6,1
340,Abshire-Krajcik,China,cheap,Hamilton Heights,10:02,22:23,5.0,0
341,Cole Inc,Poland,expensive,Hamilton Heights,7:58,21:28,3.0,0
342,"Lynch, Boyer and Corwin",France,cheap,Inwood,7:22,18:12,3.9,1
343,"Torp, Larkin and Harvey",Philippines,medium,Harlem,9:06,21:50,3.1,1
344,Daniel Group,Sweden,medium,Chelsea,10:03,18:58,1.2,0
345,"Oberbrunner, Boyer and Robel",Indonesia,cheap,Greenwich Village,6:09,18:42,3.3,0
346,Wyman-Lemke,China,medium,Battery Park City,10:04,18:28,1.1,0
347,Hamill Inc,Uzbekistan,cheap,Harlem,7:33,19:36,3.7,1
348,Trantow Inc,Vietnam,cheap,Garment District,7:05,20:49,1.7,0
349,Johnson Inc,Namibia,medium,East Harlem,9:43,18:32,1.1,0
350,Wisoky and Sons,Russia,medium,Harlem,9:03,22:08,4.5,1
351,Kunze and Sons,China,cheap,Inwood,7:32,22:44,1.9,1
352,"Rutherford, Sawayn and Pfeffer",Indonesia,cheap,Lincoln Square,7:40,22:37,2.6,1
353,Schaefer-Boyer,China,expensive,Hamilton Heights,6:32,21:50,2.2,1
354,"Dicki, Hagenes and Koelpin",Mexico,expensive,Manhattanville,10:08,21:42,2.2,0
355,Lind LLC,China,medium,Lincoln Square,7:42,19:05,4.6,0
356,"Hartmann, Kuvalis and Conn",Indonesia,cheap,Flatiron District,10:28,19:21,4.0,1
357,Schowalter LLC,Ireland,expensive,Marble Hill,11:16,20:42,4.3,1
358,"Stehr, Trantow and Ernser",Tajikistan,cheap,Chelsea,8:23,19:18,3.6,1
359,Emard-Cormier,Sweden,cheap,Greenwich Village,11:26,22:25,4.2,0
360,"Spinka, O'Conner and Jakubowski",Chile,expensive,Civic Center,6:48,18:33,3.7,1
361,Doyle-Cormier,Argentina,expensive,Manhattan Valley,7:46,23:01,3.4,1
362,Jones LLC,United States,expensive,Harlem,10:04,22:22,2.8,0
363,Baumbach LLC,Brazil,medium,Gramercy Park,7:25,20:03,3.8,0
364,Dickens-Jenkins,China,expensive,Hell's Kitchen,6:04,19:38,2.4,0
365,Mayer Group,Sierra Leone,cheap,Manhattan Valley,6:29,20:50,3.2,0
366,VonRueden Inc,Philippines,expensive,Civic Center,11:14,20:40,2.9,1
367,"Heathcote, Skiles and Harris",Canada,cheap,Financial District,10:01,21:41,3.6,1
368,Hackett Inc,Russia,medium,East Harlem,7:26,23:49,4.1,1
369,Roob-Turner,Indonesia,expensive,Marble Hill,9:02,21:48,4.7,1
370,Barrows Group,Brazil,medium,Flatiron District,6:49,18:57,2.2,0
371,Hoppe LLC,China,cheap,Greenwich Village,10:56,21:56,1.5,0
372,Miller and Sons,Philippines,medium,Little Italy,7:10,21:30,2.7,1
373,Emmerich-Herzog,Tunisia,cheap,Financial District,6:21,22:02,1.8,1
374,"Swaniawski, Jerde and Homenick",Portugal,medium,Carnegie Hill,9:19,23:21,1.5,1
375,Schamberger LLC,Brazil,expensive,Flatiron District,7:13,19:55,2.1,0
376,"Blanda, Bode and Schumm",France,medium,Garment District,8:03,18:48,1.1,0
377,"Ryan, Gottlieb and Paucek",Lesotho,cheap,East Village,9:05,18:14,4.8,0
378,Lehner Group,Cape Verde,expensive,Chinatown,9:21,20:41,4.1,1
379,"Koss, Borer and Bayer",China,medium,Manhattanville,6:23,22:41,3.6,1
380,"Schiller, Lynch and Hessel",Portugal,medium,Lincoln Square,11:03,20:23,4.9,1
381,Stoltenberg LLC,China,expensive,Manhattanville,11:08,19:39,4.8,1
382,Skiles-Rau,China,medium,Meatpacking District,7:31,22:57,4.3,0
383,O'Reilly and Sons,Ukraine,medium,Manhattanville,8:24,23:41,1.6,1
384,Lubowitz and Sons,China,medium,Lenox Hill,10:03,19:23,2.5,0
385,Bins and Sons,Ukraine,medium,Hamilton Heights,6:19,20:19,3.5,1
386,Reichel-Rowe,Mexico,cheap,East Harlem,11:32,23:53,4.3,1
387,"Brown, Jast and Donnelly",Philippines,cheap,Kips Bay,6:19,20:55,2.7,0
388,Schmeler-Volkman,Croatia,medium,Manhattan Valley,10:00,22:47,2.8,1
389,Walter and Sons,China,medium,East Village,11:46,23:54,4.3,0
390,Krajcik LLC,Russia,cheap,Lenox Hill,9:45,20:38,3.4,0
391,Blick-Schimmel,China,cheap,Financial District,9:50,22:28,2.8,0
392,Hammes Group,Czech Republic,cheap,Chinatown,7:00,21:40,3.8,0
393,"Anderson, Torp and Hahn",Venezuela,expensive,Hell's Kitchen,8:06,21:56,2.8,1
394,O'Reilly-Bechtelar,China,medium,Civic Center,11:49,19:29,1.2,1
395,Wuckert LLC,Panama,medium,Civic Center,10:57,19:01,1.2,1
396,Greenfelder-Schmidt,Macedonia,medium,Kips Bay,9:25,20:35,4.9,1
397,Mayert and Sons,Argentina,cheap,Lenox Hill,7:48,19:16,2.8,0
398,Ernser-Aufderhar,China,expensive,East Harlem,11:33,23:05,2.8,0
399,Hoppe-Ankunding,United States,expensive,Greenwich Village,6:12,20:49,3.7,0
400,Hauck and Sons,Brazil,expensive,Hell's Kitchen,6:06,23:09,4.5,0
401,Kiehn LLC,France,cheap,Financial District,11:32,18:25,4.5,1
402,Schiller Inc,China,expensive,Lower East Side,9:08,22:02,1.9,0
403,Deckow-Lubowitz,Indonesia,medium,Lenox Hill,7:38,23:31,4.2,0
404,Nicolas LLC,Colombia,cheap,Meatpacking District,10:53,18:18,4.2,1
405,"Keebler, Ryan and Harber",Thailand,expensive,Chinatown,10:31,22:57,2.7,0
406,Bogisich-Hahn,Dominican Republic,medium,Inwood,6:11,23:25,4.1,0
407,Reilly-Schinner,China,expensive,Hamilton Heights,7:09,22:00,1.4,1
408,"Cruickshank, Prohaska and Douglas",Sweden,medium,Gramercy Park,8:43,20:44,4.2,0
409,Weimann LLC,Indonesia,medium,Lenox Hill,11:37,20:20,1.4,0
410,Hahn and Sons,China,expensive,Little Italy,6:03,23:05,4.1,0
411,Mayer LLC,Brazil,medium,Harlem,10:25,18:16,1.4,1
412,Daniel Group,Colombia,medium,Battery Park City,9:16,21:07,3.3,0
413,"Hermann, Hintz and Jacobs",China,expensive,Little Italy,9:11,19:42,2.1,0
414,"Welch, Champlin and Nicolas",Russia,expensive,Hell's Kitchen,6:30,18:05,2.0,1
415,Murazik-Ernser,China,expensive,Carnegie Hill,7:17,18:15,3.8,0
416,Ziemann Group,Colombia,expensive,Carnegie Hill,6:43,23:08,1.8,0
417,Littel-Johnson,Indonesia,medium,Lincoln Square,9:04,18:41,4.7,0
418,Mayert-Hintz,Peru,expensive,Kips Bay,11:04,23:49,4.6,1
419,Kassulke LLC,Sweden,medium,Kips Bay,10:49,18:12,2.0,0
420,"Feest, Collins and Metz",Poland,expensive,Battery Park City,8:15,18:32,4.9,0
421,Harris-Heller,Indonesia,expensive,Hell's Kitchen,8:44,18:16,3.7,0
422,Weimann LLC,Palestinian Territory,cheap,Garment District,10:39,20:00,4.7,1
423,Kihn Inc,China,medium,Hamilton Heights,11:48,22:10,3.1,0
424,VonRueden-McGlynn,Chile,cheap,Chinatown,11:38,20:06,2.7,1
425,"Lindgren, Bogan and Schuppe",Niger,cheap,Lincoln Square,11:39,18:17,3.9,1
426,Schmeler Group,South Africa,medium,Little Italy,6:18,18:29,3.3,0
427,"Kuvalis, Stehr and Bahringer",China,cheap,Hell's Kitchen,9:43,23:48,3.9,0
428,"Orn, Rippin and Schumm",China,cheap,Little Italy,10:42,20:24,4.0,0
429,Tillman Group,Slovenia,expensive,Little Italy,10:25,21:01,1.6,1
430,"Smitham, Padberg and Schowalter",Russia,medium,Meatpacking District,9:00,18:45,3.9,1
431,Mueller-Hirthe,Japan,cheap,East Village,7:19,22:15,2.8,1
432,Little Inc,China,cheap,Inwood,11:07,19:39,4.2,0
433,"Conn, Walsh and Reichel",China,cheap,Hamilton Heights,8:17,20:46,3.4,1
434,"Hagenes, Fahey and Dicki",China,cheap,Meatpacking District,7:56,21:48,3.6,1
435,Padberg Group,Brazil,cheap,Battery Park City,10:09,20:04,2.8,1
436,Ferry-Kessler,Iran,expensive,Flatiron District,8:24,18:28,3.1,0
437,Wehner LLC,Albania,medium,Harlem,9:31,21:33,4.8,0
438,"Kulas, Romaguera and Hansen",China,cheap,East Harlem,8:05,19:18,3.6,0
439,"Hayes, Wehner and Schoen",China,medium,Gramercy Park,7:16,21:22,3.4,1
440,Gottlieb Group,Indonesia,expensive,Manhattan Valley,10:29,23:38,2.6,1
441,"Jacobs, Bauch and Homenick",China,cheap,Kips Bay,7:28,21:55,1.4,0
442,Schmidt-Doyle,Guatemala,cheap,Meatpacking District,11:50,23:20,2.2,1
443,"Huel, Medhurst and O'Reilly",China,expensive,Kips Bay,8:25,22:00,2.2,0
444,"Gutmann, Rodriguez and Halvorson",Russia,cheap,Lower East Side,7:36,18:03,2.1,1
445,Kunze-Bernier,China,cheap,Lower East Side,9:08,21:11,1.9,0
446,Kutch Inc,China,expensive,Greenwich Village,9:56,20:40,1.1,1
447,Bednar Inc,Myanmar,cheap,Lower East Side,9:24,23:02,4.4,0
448,Larson-Anderson,Azerbaijan,cheap,Gramercy Park,7:31,22:34,4.7,1
449,"Sipes, Johnson and McKenzie",China,expensive,Little Italy,10:11,20:36,4.8,1
450,"Rohan, Schoen and Blick",United States,cheap,Chelsea,10:15,22:05,4.8,1
451,Rowe Group,Japan,expensive,Manhattanville,8:18,22:32,4.2,1
452,McDermott-Sporer,Netherlands,medium,Inwood,6:23,19:53,2.4,1
453,Frami and Sons,Somalia,expensive,Lincoln Square,9:05,23:41,3.3,0
454,Wyman Inc,Czech Republic,cheap,East Village,9:11,21:06,3.1,1
455,Breitenberg-Hudson,North Korea,expensive,Meatpacking District,11:28,23:02,4.3,1
456,Weimann Group,Vietnam,medium,East Harlem,7:22,18:33,3.6,1
457,Farrell-Lesch,Peru,expensive,Flatiron District,11:37,18:12,3.6,1
458,Wyman and Sons,China,medium,Financial District,6:09,22:12,2.5,0
459,"Jaskolski, Daugherty and Hirthe",China,cheap,Little Italy,6:11,23:49,2.4,0
460,"Thiel, Padberg and Block",Indonesia,expensive,Chelsea,7:24,20:08,3.6,1
461,Stehr and Sons,Japan,expensive,Carnegie Hill,10:54,19:26,1.5,0
462,"Quitzon, Blick and Yost",China,cheap,Chinatown,7:01,23:56,2.1,1
463,Thiel-Spinka,China,medium,Civic Center,8:08,23:10,1.2,0
464,Schaefer-Daniel,Czech Republic,medium,Lower East Side,7:59,21:31,2.5,1
465,Wunsch-Watsica,Indonesia,medium,Financial District,9:51,18:42,3.0,1
466,Auer-Glover,Uzbekistan,cheap,Garment District,9:37,18:47,4.3,1
467,"Bergnaum, Bode and Wolff",Morocco,cheap,Greenwich Village,9:16,21:41,3.7,0
468,Stamm and Sons,United States,expensive,Garment District,7:44,22:58,2.3,0
469,Mayert-Kunde,Philippines,medium,Lower East Side,10:27,23:01,4.3,0
470,"Crooks, Beahan and Nolan",Japan,medium,Harlem,11:35,21:48,1.6,0
471,"Kutch, Schiller and Marvin",China,expensive,Lenox Hill,10:10,20:21,4.7,0
472,Bauch and Sons,China,medium,East Village,11:05,21:09,4.5,0
473,"Gislason, Gerhold and Parker",Indonesia,cheap,Financial District,9:53,20:38,2.4,0
474,Cormier Group,Greece,cheap,Carnegie Hill,8:12,22:43,1.4,1
475,Paucek LLC,Russia,medium,Little Italy,6:47,23:05,1.1,1
476,Herman and Sons,Ivory Coast,cheap,Lower East Side,10:07,19:06,1.7,0
477,"Brakus, Ernser and Pfannerstill",Senegal,cheap,Harlem,10:15,23:44,2.6,1
478,"Kemmer, Kreiger and Schulist",Ecuador,cheap,Hell's Kitchen,10:39,22:37,4.5,0
479,Fisher and Sons,Poland,cheap,Harlem,10:54,18:35,1.7,0
480,"Hodkiewicz, Lehner and Funk",China,medium,Greenwich Village,7:31,23:20,4.1,0
481,"Nienow, Douglas and Schumm",Portugal,expensive,Flatiron District,11:20,18:52,2.8,0
482,Graham-Mitchell,China,medium,East Village,7:48,23:58,2.4,0
483,Feeney Inc,Canada,medium,Manhattan Valley,8:22,20:18,2.0,1
484,Bayer-Hauck,Indonesia,expensive,Lincoln Square,8:45,21:01,4.5,0
485,"Yost, Stehr and Kovacek",Nigeria,expensive,Inwood,10:09,21:27,2.1,1
486,Hudson Group,Greece,expensive,Hell's Kitchen,7:37,20:19,1.4,1
487,Prosacco LLC,Finland,expensive,Marble Hill,6:39,19:14,2.7,1
488,"Schaden, Hirthe and Ruecker",Indonesia,expensive,Flatiron District,6:32,22:09,4.4,1
489,Emard-Haag,Sweden,cheap,Financial District,8:27,21:05,2.9,1
490,Pfannerstill-Will,Myanmar,cheap,Gramercy Park,10:27,22:50,1.4,1
491,Zboncak and Sons,Belarus,medium,Lincoln Square,7:24,20:14,1.1,1
492,"O'Connell, Hahn and Altenwerth",China,cheap,Chelsea,7:25,21:57,3.9,1
493,Borer-Lockman,France,medium,Meatpacking District,7:40,19:24,4.2,0
494,Satterfield-Turcotte,China,cheap,Kips Bay,10:26,18:08,2.4,1
495,Kerluke-McGlynn,Poland,expensive,Harlem,10:52,20:28,4.1,1
496,"Jakubowski, Waelchi and Robel",Japan,medium,East Village,11:29,18:35,1.5,0
497,"Leffler, Goodwin and Keeling",Indonesia,expensive,East Village,10:06,20:21,3.7,0
498,Rutherford Group,China,expensive,Hell's Kitchen,7:28,21:54,1.9,1
499,"Purdy, Zemlak and Kub",China,cheap,Hamilton Heights,10:45,19:52,3.1,0
500,Jones-Bogan,Luxembourg,medium,Financial District,10:49,18:15,2.7,0
501,"Jenkins, Schaefer and Berge",Norway,medium,Manhattanville,9:16,18:59,3.2,0
502,Johnson LLC,Czech Republic,cheap,Manhattanville,11:54,18:18,3.7,1
503,"Schoen, Schiller and Stehr",Brazil,medium,Chinatown,9:34,23:30,4.5,0
504,"McClure, Walsh and Osinski",Indonesia,cheap,Little Italy,7:18,22:42,2.8,1
505,Mayer-Raynor,China,medium,East Village,11:32,21:11,3.4,1
506,"Robel, Jenkins and Kemmer",Ukraine,expensive,East Harlem,6:33,21:37,2.4,0
507,"Krajcik, Schneider and Weissnat",Malta,medium,Meatpacking District,7:30,22:31,1.3,1
508,"Crist, Lowe and Larkin",El Salvador,medium,Chelsea,7:17,18:38,1.3,1
509,"Kihn, Murphy and Runte",China,medium,Marble Hill,11:39,20:39,1.4,1
510,Crooks-Grady,Jordan,medium,Manhattanville,9:48,19:25,3.2,1
511,Rempel-Turner,China,cheap,Greenwich Village,11:28,22:14,1.3,1
512,Wuckert-Kuhn,Egypt,medium,Carnegie Hill,9:00,20:25,1.6,1
513,Torphy and Sons,Guatemala,medium,Harlem,8:52,23:26,4.2,1
514,Willms Inc,China,medium,Kips Bay,7:19,20:16,4.5,1
515,Simonis-Kertzmann,Indonesia,cheap,Hell's Kitchen,8:04,18:10,5.0,0
516,Mann Group,Indonesia,expensive,Greenwich Village,6:45,19:19,3.7,1
517,Mann-Wisoky,China,medium,Greenwich Village,7:02,23:52,4.6,0
518,"D'Amore, Thiel and Thompson",Indonesia,medium,Inwood,8:15,19:43,2.4,0
519,Walker-Predovic,Indonesia,cheap,Chelsea,8:55,19:53,2.2,1
520,"Casper, Kozey and Walker",Sweden,medium,Manhattanville,10:09,23:04,3.3,1
521,Romaguera LLC,China,expensive,Inwood,7:23,19:28,1.2,0
522,Williamson-Spinka,Philippines,medium,Lincoln Square,8:55,19:02,3.2,1
523,McClure Inc,Belarus,cheap,Chinatown,7:09,21:18,2.8,0
524,Mayer-Cummerata,Finland,expensive,East Harlem,6:43,19:10,4.3,0
525,Blick-Mayert,Greece,expensive,Lenox Hill,6:40,23:33,4.5,0
526,"Brown, Nienow and Crooks",United States,medium,Manhattan Valley,10:50,23:25,2.8,0
527,"Kilback, Marquardt and Glover",Canada,cheap,Garment District,7:51,23:07,4.7,0
528,Blick and Sons,China,cheap,Hell's Kitchen,11:11,22:56,1.4,1
529,"Mraz, Moore and Kiehn",France,cheap,Lower East Side,10:43,18:01,3.7,1
530,Stehr-O'Hara,China,medium,Lower East Side,7:15,18:40,2.3,0
531,"Botsford, Schaden and Kuhlman",Croatia,expensive,Manhattanville,7:09,23:14,2.1,0
532,Stracke-Russel,Colombia,cheap,Garment District,8:45,21:11,1.2,1
533,Koelpin LLC,Palestinian Territory,expensive,Chinatown,11:38,18:47,1.1,1
534,"Weimann, Lakin and Cole",Latvia,cheap,Lenox Hill,11:40,21:25,2.0,0
535,"Cronin, Barrows and Gerhold",China,expensive,Hamilton Heights,8:53,22:16,2.2,1
536,Schmidt LLC,Yemen,medium,Lincoln Square,10:08,21:05,2.4,1
537,"Lakin, Fahey and Hilll",Russia,cheap,Chelsea,7:29,18:56,3.3,1
538,Marquardt and Sons,China,expensive,Manhattanville,9:21,18:36,4.2,0
539,Schaden Inc,Colombia,expensive,Flatiron District,9:29,19:12,4.5,0
540,"Lueilwitz, Gorczany and Toy",Portugal,expensive,Manhattan Valley,11:03,20:50,1.5,0
541,"VonRueden, Jakubowski and Mann",Peru,medium,Battery Park City,9:08,22:55,1.7,1
542,"Walter, Prosacco and Gleichner",China,cheap,Civic Center,6:15,21:14,1.4,0
543,Maggio-Wuckert,Mali,cheap,Harlem,6:15,20:31,4.8,0
544,"Hodkiewicz, Crona and Marks",Botswana,expensive,Inwood,10:47,22:07,3.6,0
545,"Haley, Bednar and Stiedemann",Indonesia,medium,East Harlem,9:21,23:31,2.2,1
546,"Kuhic, Predovic and Dietrich",Ukraine,cheap,Carnegie Hill,6:25,21:59,3.7,0
547,Ortiz-Murphy,Philippines,cheap,Hell's Kitchen,6:51,21:39,2.8,0
548,Mitchell and Sons,Russia,cheap,Lenox Hill,8:47,18:53,1.2,0
549,Thiel Group,Colombia,medium,Lincoln Square,6:26,18:35,2.5,0
550,Robel and Sons,Bahrain,expensive,Chinatown,6:41,22:08,3.2,0
551,Von Inc,China,expensive,Flatiron District,11:21,19:27,1.5,1
552,Willms Group,Colombia,expensive,Civic Center,10:10,21:20,1.0,1
553,"Gerhold, Wolff and Lind",China,medium,Garment District,10:03,19:55,3.9,1
554,Trantow-Shanahan,Fiji,cheap,Meatpacking District,7:13,18:08,4.3,1
555,Hessel Inc,Indonesia,cheap,Manhattanville,8:20,21:15,4.4,1
556,"Douglas, Brown and Collier",Indonesia,cheap,Harlem,11:52,20:48,4.7,0
557,Kuhic LLC,China,cheap,Meatpacking District,6:11,22:40,2.1,0
558,Wiza-Mosciski,Indonesia,expensive,East Village,7:05,20:35,2.1,0
559,Luettgen-Reichert,France,expensive,Gramercy Park,10:36,22:23,2.7,0
560,Ryan Inc,Finland,expensive,Kips Bay,6:03,19:01,1.3,0
561,"Lind, Grady and Kreiger",Poland,cheap,Harlem,10:52,18:41,3.8,1
562,Hegmann Group,Poland,expensive,Hell's Kitchen,11:59,19:02,1.5,0
563,"Ortiz, Watsica and Cronin",Russia,expensive,Carnegie Hill,6:37,18:36,1.2,0
564,Kutch LLC,Slovenia,expensive,Flatiron District,9:47,18:31,3.1,0
565,Padberg Inc,China,medium,Gramercy Park,6:56,18:06,4.9,1
566,"McLaughlin, Leffler and Senger",Brazil,expensive,Chelsea,6:45,23:09,1.8,1
567,Feest Inc,Indonesia,cheap,Little Italy,10:44,19:33,3.6,1
568,"Green, Gusikowski and Adams",Russia,expensive,East Village,11:36,21:43,3.7,1
569,Thiel LLC,Indonesia,medium,Financial District,8:11,23:58,2.6,0
570,Medhurst LLC,Portugal,expensive,Hell's Kitchen,6:02,19:57,1.9,0
571,"Upton, Daniel and Schowalter",Madagascar,expensive,Carnegie Hill,9:08,23:14,1.8,1
572,"McGlynn, Blanda and Buckridge",Indonesia,expensive,East Harlem,10:49,23:57,3.5,0
573,Wuckert Inc,Brazil,cheap,Lincoln Square,6:23,20:54,1.8,1
574,Crooks-Stoltenberg,Armenia,medium,East Harlem,6:33,22:01,1.1,0
575,Keebler and Sons,China,expensive,Kips Bay,10:12,23:08,1.2,0
576,Murray Group,United States,cheap,Gramercy Park,6:19,23:40,2.9,0
577,Jerde and Sons,Czech Republic,expensive,Chelsea,9:39,21:33,2.7,0
578,Murphy-Schroeder,Czech Republic,cheap,Kips Bay,8:07,21:36,1.8,1
579,Hudson-Hoeger,China,medium,Manhattanville,6:20,20:48,1.7,0
580,Wolf-Schaden,Brazil,cheap,Civic Center,11:04,21:05,3.7,0
581,"Dare, Mertz and Abshire",Lithuania,cheap,Lower East Side,10:39,20:36,2.6,0
582,Beier-DuBuque,Japan,cheap,Kips Bay,7:07,18:30,3.7,1
583,Feeney Group,Armenia,medium,Harlem,7:26,22:03,3.8,1
584,Anderson and Sons,Mexico,expensive,Manhattanville,6:22,21:28,1.9,0
585,Emmerich-Yost,Serbia,medium,Lincoln Square,6:34,23:11,4.2,0
586,Sauer and Sons,Russia,expensive,Chinatown,6:28,22:12,1.1,0
587,"Wisozk, Leffler and Nikolaus",Nigeria,medium,East Village,11:34,18:47,1.1,1
588,"Koss, Schmidt and McCullough",France,cheap,Hell's Kitchen,6:29,19:33,1.0,1
589,Hoppe-Jakubowski,China,expensive,Greenwich Village,6:18,23:04,3.4,0
590,Mann-Senger,China,cheap,Battery Park City,7:47,22:17,2.9,0
591,Hayes-Leffler,Japan,cheap,Marble Hill,8:14,23:21,1.1,1
592,Olson LLC,Argentina,medium,Chinatown,7:08,23:27,3.4,1
593,"Nader, Hansen and Gibson",Vietnam,medium,Hell's Kitchen,11:02,19:59,3.2,0
594,Fisher Group,France,medium,Marble Hill,8:08,19:01,1.1,0
595,"Daugherty, Ruecker and Steuber",Japan,medium,Meatpacking District,10:27,22:45,3.3,0
596,Ledner Inc,Greece,expensive,East Village,10:49,18:58,3.9,1
597,"Little, Lynch and Hermiston",China,expensive,Chelsea,8:03,20:10,1.5,0
598,"Boyer, Conroy and Kulas",Ukraine,cheap,Garment District,11:53,19:38,1.6,1
599,"Miller, Morar and Reichert",Indonesia,cheap,Flatiron District,11:51,22:32,4.4,0
600,Lockman LLC,Netherlands,medium,Manhattan Valley,9:13,19:00,4.5,0
601,"Cruickshank, Aufderhar and Becker",Cuba,medium,Lenox Hill,7:54,21:44,1.9,0
602,Parisian-Rempel,Mongolia,expensive,Greenwich Village,11:03,19:36,3.5,1
603,Medhurst-Veum,Philippines,medium,Greenwich Village,11:52,22:41,4.2,0
604,Quigley-Ortiz,Libya,cheap,Greenwich Village,10:28,22:55,3.2,1
605,"Green, Waters and Cassin",China,medium,East Village,9:21,19:50,2.9,1
606,Leffler Group,China,cheap,Meatpacking District,6:24,21:32,2.1,0
607,"Glover, Gusikowski and Kris",Portugal,medium,Marble Hill,11:38,18:38,1.3,1
608,Haley-Kassulke,Indonesia,cheap,Lincoln Square,10:08,23:16,1.6,1
609,"Quitzon, Powlowski and Donnelly",Philippines,expensive,Greenwich Village,6:52,20:15,3.7,1
610,Ferry-Bergnaum,Mongolia,expensive,Hell's Kitchen,7:49,21:13,1.0,1
611,Dibbert-O'Connell,Denmark,medium,Civic Center,11:12,21:27,4.2,0
612,Champlin Inc,China,medium,Chinatown,8:00,20:59,3.5,0
613,Dietrich Group,United States,medium,East Village,6:22,22:00,2.7,1
614,Bins-Hamill,South Korea,medium,East Village,11:36,18:38,3.2,1
615,Green-Nader,China,cheap,Manhattan Valley,10:09,22:14,4.4,1
616,"Kuhn, Cruickshank and Wilkinson",Philippines,medium,Battery Park City,6:04,20:17,3.3,1
617,"Watsica, Bashirian and Wolff",Nigeria,medium,Hell's Kitchen,11:04,22:12,2.8,0
618,"Cremin, Dickinson and Schaden",Colombia,cheap,Carnegie Hill,6:19,20:07,4.1,0
619,Kunde-Gibson,Indonesia,expensive,Battery Park City,7:18,21:43,3.5,1
620,"Corwin, Anderson and Gaylord",Indonesia,expensive,Greenwich Village,6:12,19:07,1.0,1
621,Mitchell LLC,Yemen,expensive,Garment District,11:43,20:33,1.8,0
622,"Gleichner, Hahn and Jacobs",Philippines,expensive,Battery Park City,7:23,19:19,2.3,1
623,Lang LLC,Indonesia,expensive,Battery Park City,8:42,22:12,2.6,0
624,Cartwright Inc,China,medium,Manhattanville,11:32,21:27,4.6,0
625,Donnelly Inc,Venezuela,medium,Chelsea,11:32,22:04,3.8,0
626,Zieme Group,Madagascar,medium,Garment District,11:52,18:59,3.7,1
627,Stehr-Carroll,Sudan,medium,Manhattanville,8:56,19:06,1.3,1
628,"Jacobson, Lesch and Okuneva",United States,medium,Lincoln Square,8:43,20:09,5.0,0
629,Considine Group,China,cheap,Greenwich Village,9:16,21:07,3.2,0
630,Skiles-Bashirian,Indonesia,medium,Meatpacking District,8:59,20:43,3.5,1
631,"Hayes, Rippin and Daniel",China,expensive,Meatpacking District,6:25,18:11,1.9,0
632,Jenkins Inc,China,medium,Flatiron District,8:03,21:07,1.2,1
633,"Tromp, Howell and Glover",Namibia,expensive,East Harlem,10:48,22:26,3.4,0
634,Murphy Group,France,expensive,Greenwich Village,11:23,22:51,3.8,0
635,Botsford-Beahan,South Sudan,medium,Little Italy,9:56,20:48,3.5,1
636,"Bruen, Wolf and Little",Brazil,expensive,Meatpacking District,11:47,22:13,3.5,0
637,"Glover, MacGyver and Pfeffer",Liberia,medium,Financial District,6:38,18:57,1.2,1
638,"Lind, Hane and Rosenbaum",Philippines,expensive,Marble Hill,7:24,22:22,4.9,1
639,Ruecker-Romaguera,Albania,cheap,Civic Center,7:28,18:30,4.1,0
640,Zboncak LLC,Thailand,expensive,Flatiron District,9:03,20:37,2.6,1
641,"Senger, Kemmer and Ziemann",Sweden,medium,Financial District,11:25,23:22,4.1,0
642,Rath Group,Philippines,medium,Manhattanville,6:36,21:00,4.7,0
643,McKenzie-Simonis,Russia,expensive,Kips Bay,11:03,18:35,4.2,0
644,Heller Group,Chile,cheap,Lenox Hill,10:47,18:38,2.0,0
645,O'Reilly Group,Japan,expensive,East Harlem,11:12,19:39,2.3,0
646,O'Reilly Group,Philippines,expensive,Hell's Kitchen,8:02,22:33,3.1,1
647,Franecki-Rosenbaum,Indonesia,expensive,Kips Bay,10:31,22:15,4.3,0
648,Wuckert LLC,China,medium,Marble Hill,9:20,19:07,4.5,0
649,Windler-Terry,Sweden,expensive,Gramercy Park,9:08,19:50,4.9,0
650,Kub-Schamberger,Indonesia,medium,Harlem,11:53,19:14,1.9,0
651,"Abshire, Vandervort and Windler",Kenya,cheap,Hamilton Heights,11:41,21:04,4.4,0
652,DuBuque-Altenwerth,Indonesia,cheap,Civic Center,6:57,20:03,3.1,1
653,Lemke-Huel,Brazil,medium,Chinatown,11:18,19:53,3.2,1
654,"Russel, Crooks and Dickinson",Indonesia,cheap,Financial District,6:36,21:05,3.7,1
655,Steuber-Watsica,Ukraine,expensive,Lincoln Square,6:44,20:15,2.3,0
656,Funk Inc,China,cheap,Hamilton Heights,9:33,22:11,2.1,0
657,"Crona, Barton and Brown",Croatia,cheap,Gramercy Park,10:12,23:53,2.0,0
658,Gusikowski LLC,China,expensive,East Harlem,9:08,23:16,2.3,0
659,Kemmer Inc,Czech Republic,medium,Greenwich Village,11:11,22:59,3.2,1
660,Frami Group,Poland,cheap,Meatpacking District,9:14,19:55,2.9,0
661,"Corwin, Langosh and Schroeder",Brazil,cheap,Harlem,6:39,18:35,1.4,0
662,"Klein, Botsford and Kiehn",China,cheap,East Village,7:01,23:25,3.7,0
663,Koch Inc,Ukraine,cheap,East Harlem,8:15,22:56,2.2,1
664,"Little, Doyle and Bergstrom",Poland,medium,Carnegie Hill,11:30,20:13,4.0,0
665,Botsford-Steuber,Brazil,expensive,Gramercy Park,11:54,22:27,1.8,1
666,"Wintheiser, Hermiston and Metz",Indonesia,medium,Hell's Kitchen,10:33,21:03,1.7,1
667,Gleichner Inc,China,cheap,Hamilton Heights,6:43,20:33,2.4,0
668,Gottlieb-Kessler,United States,medium,East Harlem,7:10,22:41,2.9,0
669,VonRueden-Schuster,China,cheap,Hell's Kitchen,10:25,23:53,1.2,0
670,Tromp Inc,Iceland,cheap,Gramercy Park,6:56,19:24,3.0,0
671,Dicki-Donnelly,Thailand,expensive,East Harlem,8:58,22:33,4.6,0
672,Corkery-Rosenbaum,Canada,medium,Civic Center,8:45,21:24,2.6,1
673,Fritsch-Green,Ukraine,medium,East Harlem,11:46,18:22,2.2,0
674,Macejkovic-Frami,Canada,cheap,Chinatown,7:31,18:01,2.2,1
675,Reinger-Reinger,Palestinian Territory,medium,Hell's Kitchen,11:17,23:54,3.9,1
676,Walker Inc,Brazil,cheap,Manhattanville,7:04,19:37,2.4,1
677,Beier Group,Estonia,medium,East Harlem,6:35,18:41,2.7,1
678,Schowalter Inc,China,expensive,Gramercy Park,7:26,20:10,2.1,0
679,"Turner, Schaefer and Morissette",Philippines,cheap,Civic Center,8:10,19:05,2.3,1
680,Schmidt-Kiehn,China,expensive,Little Italy,8:07,21:39,3.6,0
681,Mayer and Sons,United States,expensive,Garment District,9:11,18:55,3.9,0
682,"Mertz, Hyatt and Monahan",China,cheap,Chinatown,10:23,18:10,4.8,1
683,Goldner-Dibbert,Philippines,cheap,Manhattan Valley,11:57,23:27,4.8,0
684,Hilpert-Cassin,China,cheap,Hamilton Heights,11:16,21:44,3.4,0
685,Hackett-Keebler,Brazil,cheap,Hell's Kitchen,6:49,18:39,1.9,0
686,"Windler, Satterfield and Russel",Canada,medium,East Harlem,11:27,20:48,3.2,0
687,Dicki-Franecki,Peru,cheap,Chinatown,11:49,18:05,1.5,1
688,"Satterfield, Abshire and Bayer",China,cheap,Garment District,10:57,23:33,1.8,1
689,Collier LLC,Brazil,expensive,Hell's Kitchen,7:20,22:10,3.6,1
690,"Weber, Block and Mraz",United States,expensive,Financial District,6:34,23:00,3.0,1
691,"Schneider, Kshlerin and Frami",Brazil,expensive,Flatiron District,10:52,22:05,2.4,1
692,Schulist-Kihn,China,expensive,Lincoln Square,11:53,23:02,2.2,0
693,Gorczany Group,Indonesia,expensive,Chelsea,6:09,19:25,2.0,1
694,Fahey-Zulauf,Colombia,medium,Chelsea,10:43,21:30,1.6,1
695,Bogisich-Raynor,Pakistan,medium,Inwood,8:16,23:14,2.4,1
696,Hagenes LLC,China,cheap,Marble Hill,6:27,18:27,4.2,0
697,Strosin LLC,France,medium,Gramercy Park,10:02,23:33,2.7,0
698,"Leuschke, McClure and Leuschke",Madagascar,expensive,Meatpacking District,9:34,22:57,3.3,0
699,"White, Botsford and Windler",Azerbaijan,medium,Kips Bay,9:03,23:18,4.8,1
700,"Buckridge, Gaylord and Streich",Philippines,cheap,Manhattanville,7:34,22:37,4.3,0
701,Pouros Group,Portugal,cheap,Lenox Hill,6:53,22:34,1.1,1
702,Rosenbaum-Hessel,Philippines,medium,Little Italy,6:18,20:23,3.2,0
703,"Bergnaum, Johnson and Gislason",Somalia,medium,Battery Park City,8:56,22:12,1.8,0
704,"Weimann, Herman and Bradtke",Brazil,medium,Hamilton Heights,10:57,21:39,4.3,0
705,Abernathy-Kuhlman,China,cheap,Carnegie Hill,8:36,19:23,1.8,1
706,Wunsch-Lehner,Indonesia,expensive,Marble Hill,8:58,23:33,4.2,1
707,"Hodkiewicz, Schmeler and Stiedemann",South Korea,medium,Financial District,7:19,22:03,2.2,1
708,"Cassin, Fritsch and Goyette",Indonesia,medium,Carnegie Hill,11:37,22:29,2.0,0
709,Turcotte Group,France,cheap,Lenox Hill,11:55,22:52,1.9,1
710,DuBuque LLC,Poland,cheap,Little Italy,6:08,19:09,4.7,1
711,Baumbach Group,China,cheap,Meatpacking District,11:56,18:29,2.7,0
712,Parisian LLC,Russia,expensive,Hell's Kitchen,10:34,20:08,4.4,1
713,Dach-Gerhold,Syria,cheap,Hell's Kitchen,9:06,23:36,3.4,1
714,Rice and Sons,Indonesia,medium,Civic Center,10:12,20:53,3.3,0
715,Upton-Swaniawski,China,expensive,Marble Hill,11:14,20:21,2.0,0
716,Klocko-Bayer,United States,expensive,Inwood,7:08,18:06,4.8,1
717,"Jerde, Leannon and Sporer",China,cheap,Garment District,7:06,23:21,1.9,0
718,Kilback and Sons,China,cheap,Flatiron District,8:19,23:40,4.8,1
719,Johnson-Torp,China,cheap,Little Italy,9:16,20:39,4.4,0
720,"Pollich, Stanton and Stanton",Japan,medium,Flatiron District,9:39,20:28,1.8,1
721,Gaylord Group,China,expensive,Marble Hill,11:41,18:58,1.2,1
722,Russel Inc,Vietnam,medium,Hamilton Heights,8:33,23:49,3.0,1
723,"Crona, Greenfelder and Jacobs",Argentina,medium,Lenox Hill,10:15,23:17,1.8,1
724,"Bernhard, Schinner and Reinger",Belarus,medium,Civic Center,7:47,20:23,4.6,0
725,Predovic-Zemlak,Portugal,expensive,Chelsea,11:38,20:46,2.9,0
726,"Wisoky, Braun and Schinner",Indonesia,expensive,Lincoln Square,6:28,18:58,3.6,1
727,"Heathcote, Ernser and Anderson",Philippines,expensive,Carnegie Hill,11:27,21:48,2.8,1
728,"Konopelski, Streich and Lubowitz",Indonesia,expensive,Inwood,9:22,23:09,3.8,0
729,Deckow and Sons,China,cheap,Gramercy Park,9:29,20:48,4.1,1
730,Anderson and Sons,Brazil,medium,Harlem,6:08,23:40,4.9,0
731,Muller Inc,Iran,expensive,Chelsea,10:58,21:52,3.5,0
732,Breitenberg-Kris,Brazil,medium,Kips Bay,9:27,18:42,1.3,0
733,"Shields, Hoeger and Swaniawski",Japan,expensive,Financial District,8:23,19:06,3.3,0
734,Bernier and Sons,Brazil,expensive,Civic Center,7:10,18:51,2.2,1
735,Cummings-Kerluke,Argentina,expensive,Manhattanville,10:40,20:25,2.3,0
736,Schaefer-Franecki,Indonesia,medium,East Harlem,8:11,20:58,1.1,1
737,"Anderson, Huel and Hoppe",Sweden,medium,Battery Park City,10:03,18:46,2.2,1
738,"O'Hara, Ryan and Yost",China,expensive,Kips Bay,9:16,19:13,3.9,0
739,Frami Inc,Serbia,expensive,Civic Center,10:46,23:18,2.3,1
740,Schuster and Sons,Albania,cheap,Chinatown,7:01,18:43,2.7,1
741,"Dickinson, Erdman and O'Connell",Philippines,expensive,Marble Hill,7:38,21:26,2.9,1
742,Zemlak-Welch,Indonesia,expensive,East Harlem,10:24,19:50,3.9,1
743,"Bartoletti, Towne and Roberts",Russia,expensive,East Village,8:09,18:40,4.1,1
744,Kutch-Koch,Brazil,cheap,Battery Park City,6:59,22:42,1.7,1
745,Wolff Inc,Albania,cheap,Garment District,11:09,23:31,4.5,1
746,O'Connell-Rice,Indonesia,cheap,Carnegie Hill,9:02,22:12,1.8,0
747,Stehr LLC,United Arab Emirates,cheap,Inwood,7:27,22:28,3.2,0
748,O'Connell Inc,China,expensive,Lenox Hill,9:41,20:06,3.2,0
749,Denesik-Koss,Indonesia,medium,Hamilton Heights,9:43,20:52,4.8,1
750,Turcotte-Greenfelder,Indonesia,medium,Hamilton Heights,8:07,18:17,4.7,0
751,Swift-Collins,China,cheap,Garment District,6:21,19:49,4.0,1
752,"Kulas, O'Kon and Boehm",Indonesia,medium,Carnegie Hill,8:06,21:49,5.0,0
753,"Rice, Denesik and Kozey",China,expensive,Gramercy Park,10:29,22:10,4.1,1
754,Schmidt and Sons,Yemen,expensive,Civic Center,8:32,20:57,1.5,0
755,Rath and Sons,Nepal,cheap,Financial District,7:58,18:26,3.4,1
756,Russel-Casper,China,medium,East Village,6:07,21:12,2.4,1
757,Ernser-Wolf,Benin,cheap,Civic Center,9:02,18:40,1.9,0
758,Bayer-Price,China,medium,Battery Park City,6:48,20:10,3.3,0
759,Blick-Jerde,China,expensive,Hamilton Heights,11:12,22:12,3.4,1
760,"Lakin, O'Reilly and Auer",China,cheap,Chinatown,9:33,22:07,2.9,1
761,"Keeling, Jerde and Barrows",China,medium,East Village,10:22,21:29,4.3,0
762,Wehner-Wilderman,Benin,cheap,Inwood,8:12,18:47,2.6,0
763,Stracke-Hauck,Peru,cheap,Meatpacking District,7:25,21:17,3.4,0
764,Kreiger Inc,Ukraine,medium,Lincoln Square,10:03,22:23,2.7,1
765,Grady-Predovic,Indonesia,cheap,Carnegie Hill,8:14,22:24,1.1,0
766,"Ullrich, Medhurst and Jakubowski",Palestinian Territory,expensive,East Village,7:34,18:19,4.5,0
767,Streich-Denesik,Greece,expensive,East Harlem,6:36,19:54,2.0,0
768,Nolan-Cormier,Mexico,medium,Carnegie Hill,11:52,22:32,4.6,1
769,"Jerde, Schmidt and Lang",Peru,medium,Civic Center,9:12,21:24,4.9,0
770,Lebsack LLC,Nepal,expensive,Battery Park City,10:23,19:00,1.5,0
771,Luettgen-Weissnat,Russia,expensive,Hell's Kitchen,6:30,21:23,1.6,0
772,Haley LLC,Croatia,cheap,Manhattanville,8:35,22:42,4.4,0
773,"Harvey, Leffler and Mayert",Belarus,medium,Lenox Hill,8:50,23:39,1.9,0
774,Kilback and Sons,Indonesia,cheap,Financial District,10:56,18:54,2.9,0
775,"Corwin, McKenzie and Adams",Russia,expensive,Meatpacking District,9:55,18:21,3.3,0
776,Rempel LLC,Czech Republic,cheap,Civic Center,10:19,20:07,1.8,0
777,Mante-Murazik,Mexico,medium,Civic Center,6:47,22:58,2.6,1
778,Beahan-Gislason,China,cheap,Greenwich Village,6:20,21:27,3.2,1
779,Becker-McKenzie,China,expensive,Manhattanville,9:21,19:11,4.1,0
780,"Wisoky, Skiles and Windler",China,medium,Chinatown,9:13,22:22,1.7,0
781,Hills Group,China,medium,Chinatown,8:56,23:58,2.2,1
782,"Herzog, Witting and Mayert",Russia,expensive,Lenox Hill,8:18,22:24,3.1,1
783,Schulist-Ebert,China,expensive,Chelsea,10:08,22:23,4.5,1
784,"Stroman, Runte and Kunze",China,medium,Carnegie Hill,7:57,19:03,5.0,0
785,"Homenick, Oberbrunner and Mann",United States,cheap,Greenwich Village,6:03,21:57,1.5,0
786,Schroeder-Davis,Indonesia,medium,East Village,10:20,23:20,3.4,1
787,Rogahn-Runte,Russia,cheap,Flatiron District,11:34,19:08,2.7,1
788,Douglas and Sons,Russia,cheap,Little Italy,8:20,20:55,4.2,1
789,"Collier, Schiller and Kertzmann",Greece,expensive,East Harlem,7:53,18:15,3.0,1
790,Daugherty Group,Monaco,medium,Financial District,8:01,19:52,3.0,1
791,"Walker, Nitzsche and Cummings",Pakistan,expensive,Manhattan Valley,9:46,22:18,4.2,1
792,Rodriguez and Sons,Canada,expensive,Lower East Side,10:16,21:47,4.3,1
793,"Hagenes, McClure and Pollich",South Korea,medium,Harlem,9:18,23:18,4.6,1
794,Pagac Inc,Sierra Leone,medium,East Harlem,7:59,21:24,1.4,0
795,Kris-Bins,France,cheap,Kips Bay,10:21,21:33,4.7,0
796,Donnelly-Waters,Armenia,cheap,Manhattan Valley,10:57,23:18,4.9,1
797,Gibson Inc,Russia,cheap,Hell's Kitchen,9:19,18:49,1.1,1
798,Ledner Inc,Russia,medium,Lower East Side,7:26,21:30,3.8,1
799,Cremin-Barrows,Portugal,medium,Manhattan Valley,7:41,19:01,1.1,0
800,Russel-Sauer,Mali,expensive,Financial District,11:48,22:13,4.0,0
801,"Kutch, Cummings and Raynor",China,cheap,Battery Park City,10:25,23:26,4.3,1
802,Swaniawski-Stamm,Sudan,expensive,Little Italy,11:22,18:20,4.1,0
803,Schaefer Inc,China,expensive,Little Italy,11:54,19:59,1.2,0
804,Buckridge Group,Russia,medium,Garment District,7:45,23:21,2.3,0
805,Will LLC,Indonesia,cheap,Lincoln Square,11:52,21:04,4.2,0
806,"Champlin, Cole and Prohaska",Ukraine,cheap,Lower East Side,6:06,21:12,3.8,1
807,"O'Reilly, Wuckert and Hintz",China,medium,Financial District,8:47,19:08,1.1,1
808,Thompson-Schamberger,China,expensive,Chinatown,6:25,18:17,3.1,1
809,Jakubowski LLC,Serbia,expensive,Civic Center,7:41,19:19,2.3,1
810,"O'Connell, Armstrong and Wintheiser",Philippines,medium,Manhattanville,11:45,21:00,1.9,1
811,"Corkery, Bins and DuBuque",Philippines,expensive,Carnegie Hill,6:19,20:13,3.4,1
812,Hills Inc,Philippines,medium,Gramercy Park,7:41,19:58,3.1,1
813,Abshire LLC,China,medium,Chelsea,10:51,22:27,3.6,0
814,"Berge, Brekke and Pouros",French Polynesia,cheap,Gramercy Park,8:03,23:47,3.5,1
815,Renner-Rowe,Indonesia,expensive,East Village,8:23,22:28,4.6,0
816,Mante Group,China,medium,Manhattanville,7:01,19:56,4.1,0
817,Heathcote and Sons,Mongolia,expensive,Lenox Hill,7:21,23:12,2.9,1
818,Green-Braun,Indonesia,expensive,Chelsea,9:58,20:02,1.8,1
819,Goldner-Franecki,Bulgaria,cheap,Greenwich Village,9:24,19:33,3.9,1
820,Kassulke-Stanton,Japan,cheap,Garment District,6:19,23:39,3.7,0
821,McGlynn Inc,Sweden,cheap,Chelsea,7:38,22:06,2.4,1
822,Schmidt Inc,Poland,expensive,Financial District,11:43,22:36,2.2,0
823,Kunde Group,China,medium,Manhattanville,10:11,19:28,1.4,0
824,"Nader, Jakubowski and Lakin",Philippines,expensive,Manhattan Valley,9:47,23:47,2.1,1
825,"Bruen, Flatley and Cremin",Portugal,medium,Hamilton Heights,9:26,21:50,2.1,1
826,Schneider-Dickens,Russia,expensive,Inwood,6:16,21:20,4.4,1
827,"Nienow, Hettinger and O'Connell",China,expensive,Little Italy,6:23,20:15,1.6,0
828,"Grady, Weissnat and Shields",China,expensive,Kips Bay,10:07,23:36,2.9,0
829,"DuBuque, Dooley and Schulist",Portugal,expensive,Gramercy Park,11:08,23:50,4.3,1
830,"Kshlerin, Russel and Hermann",Pakistan,medium,Little Italy,8:03,23:51,1.5,0
831,"Boehm, Heller and Kassulke",China,expensive,Manhattan Valley,8:53,20:00,3.4,1
832,Bechtelar Inc,Philippines,cheap,Lenox Hill,6:41,21:26,3.1,1
833,"Cole, Douglas and Hoppe",China,cheap,Lenox Hill,9:55,22:28,2.1,1
834,Kris-Wilderman,Thailand,cheap,Hamilton Heights,8:51,23:58,2.2,1
835,Spinka-Romaguera,China,medium,Marble Hill,10:54,20:51,3.5,0
836,"Oberbrunner, Crona and Jaskolski",France,medium,Little Italy,7:14,18:41,3.7,0
837,Rempel LLC,Indonesia,expensive,Chelsea,11:16,20:00,4.7,1
838,Auer-Jakubowski,Germany,cheap,Gramercy Park,6:55,18:13,4.9,1
839,"Cummings, Reynolds and Borer",South Korea,cheap,Financial District,10:36,21:01,1.4,0
840,"Rosenbaum, Emmerich and Lakin",Indonesia,cheap,Flatiron District,7:38,22:27,2.1,0
841,"Monahan, Kunde and Raynor",Indonesia,medium,Manhattan Valley,6:46,18:58,3.0,1
842,Powlowski LLC,Estonia,medium,Garment District,10:48,19:01,4.6,1
843,"Conroy, McCullough and Renner",Colombia,medium,Lenox Hill,8:18,18:41,4.1,0
844,Hermiston LLC,Portugal,medium,Civic Center,6:32,20:14,4.1,1
845,"Harris, Romaguera and Pacocha",Brazil,expensive,Lenox Hill,11:01,20:14,3.4,1
846,"Kertzmann, Powlowski and Hermann",Russia,cheap,Kips Bay,8:21,23:18,4.1,1
847,Schumm-Rippin,China,expensive,Carnegie Hill,9:59,22:09,1.3,0
848,Marvin-Reichel,Portugal,cheap,East Village,10:19,22:39,3.8,0
849,Bartell and Sons,Slovenia,expensive,Hell's Kitchen,6:50,22:39,4.8,0
850,Mitchell-Rau,Philippines,medium,Carnegie Hill,8:00,22:54,3.4,1
851,"Zulauf, Keeling and Kutch",Portugal,medium,Battery Park City,11:06,23:37,3.4,0
852,Schultz-MacGyver,Indonesia,cheap,Greenwich Village,11:07,22:32,1.2,0
853,"Hyatt, Quitzon and Ferry",Vietnam,expensive,Manhattan Valley,11:01,21:11,2.6,1
854,Hagenes Group,Norway,expensive,Lenox Hill,11:55,23:32,1.8,0
855,Mohr Inc,China,medium,Carnegie Hill,10:40,21:19,4.1,1
856,"Goodwin, Marks and Ondricka",China,cheap,Carnegie Hill,11:24,19:55,4.6,0
857,Swift Inc,Brazil,medium,Meatpacking District,9:42,19:02,1.7,0
858,Sauer Group,Indonesia,cheap,Kips Bay,8:22,19:34,3.6,0
859,"Botsford, Langosh and Denesik",Peru,medium,Lenox Hill,6:50,19:53,2.2,1
860,"Upton, Murphy and Dach",Peru,expensive,Hamilton Heights,11:31,23:03,5.0,1
861,"Hane, O'Connell and Schumm",Sweden,expensive,Greenwich Village,7:55,20:04,2.5,0
862,Reynolds LLC,China,expensive,Lincoln Square,11:38,20:17,2.4,0
863,Goldner-Jakubowski,Greece,cheap,Lenox Hill,10:36,23:14,4.7,0
864,Heller-Dach,Israel,cheap,Lincoln Square,8:47,22:58,4.3,1
865,Goodwin Group,Japan,expensive,East Village,11:53,23:09,4.1,0
866,Harber and Sons,Belize,expensive,Meatpacking District,11:29,23:30,4.9,1
867,"Robel, Mitchell and Ernser",Slovenia,medium,Civic Center,6:16,22:05,2.6,0
868,"Koepp, Nikolaus and Donnelly",Malaysia,expensive,Battery Park City,7:20,23:09,2.2,1
869,Gislason LLC,China,expensive,East Village,10:28,22:54,2.4,0
870,Corkery Group,China,expensive,East Village,6:05,21:59,4.8,1
871,"Pollich, Schimmel and Abbott",Russia,expensive,Lenox Hill,9:48,20:37,4.6,1
872,Hermann-Schumm,Puerto Rico,cheap,Greenwich Village,11:07,20:57,2.6,1
873,"Ortiz, Tillman and Bashirian",Sweden,medium,Garment District,10:43,18:47,2.4,1
874,"Shields, Anderson and Runolfsdottir",Indonesia,cheap,Chinatown,7:21,18:06,3.7,1
875,Bechtelar-Cremin,Argentina,expensive,Garment District,8:19,21:21,4.1,1
876,Erdman-Johns,Swaziland,cheap,Chinatown,6:22,19:09,2.5,0
877,Hegmann and Sons,Brazil,expensive,Marble Hill,7:21,22:06,3.7,1
878,Gleichner-Heller,Paraguay,expensive,Gramercy Park,10:41,20:10,3.2,1
879,"Wiegand, Ward and Tremblay",Russia,cheap,Lower East Side,8:34,18:24,1.9,1
880,Lowe and Sons,Bulgaria,medium,Chinatown,7:43,22:07,1.4,1
881,Schaefer LLC,Philippines,medium,Chinatown,9:11,19:31,5.0,0
882,Toy Group,China,cheap,Flatiron District,9:40,21:17,1.3,0
883,Beer Group,Philippines,medium,Chelsea,8:05,20:54,2.7,0
884,Parker Inc,Finland,cheap,Harlem,11:36,20:53,4.6,1
885,Becker-Schmitt,Czech Republic,expensive,Hamilton Heights,6:46,19:09,1.8,0
886,Vandervort Inc,China,expensive,Inwood,10:52,19:15,3.6,0
887,VonRueden-Rosenbaum,Sweden,medium,Chinatown,7:51,22:16,3.6,1
888,"Doyle, Crist and Hermann",China,medium,Financial District,9:39,21:47,3.7,0
889,"Cole, Goodwin and Luettgen",Croatia,medium,Gramercy Park,8:24,22:18,4.3,0
890,"Fisher, Krajcik and Shields",Laos,expensive,Financial District,11:53,18:46,2.1,1
891,Gulgowski-Gutkowski,Japan,expensive,Hell's Kitchen,6:56,19:40,4.2,1
892,"Shields, Grant and Wisozk",Indonesia,cheap,Manhattanville,8:18,23:13,1.5,0
893,Hodkiewicz and Sons,Brazil,expensive,Hell's Kitchen,8:18,18:49,1.7,0
894,"VonRueden, Johnson and Hegmann",Indonesia,medium,Battery Park City,9:24,21:57,4.5,0
895,Armstrong-Towne,Venezuela,cheap,Battery Park City,11:08,19:40,3.4,1
896,Smitham-Moen,China,cheap,Little Italy,10:05,21:49,1.5,1
897,"Blanda, Hauck and Sawayn",Portugal,expensive,Chelsea,10:52,18:08,4.8,1
898,McDermott-Harber,Thailand,expensive,East Harlem,9:30,23:25,2.8,0
899,Rippin-Orn,Argentina,cheap,Civic Center,7:47,20:35,2.8,0
900,Lehner LLC,Gambia,expensive,East Village,8:05,22:11,3.3,0
901,Reynolds Group,Thailand,medium,Inwood,9:30,22:32,2.3,0
902,Hoppe LLC,Philippines,cheap,Meatpacking District,6:54,21:19,1.4,1
903,Dickinson-Quigley,Ukraine,medium,Gramercy Park,6:18,18:03,1.2,1
904,Paucek and Sons,Indonesia,expensive,Meatpacking District,7:54,21:07,2.5,0
905,Kunde-Kuvalis,Russia,expensive,Flatiron District,9:18,21:39,4.4,0
906,"Schmeler, Hamill and Lubowitz",Japan,expensive,Gramercy Park,10:43,18:57,4.7,0
907,Fritsch-Baumbach,Poland,expensive,Chinatown,6:52,21:09,4.0,1
908,Hand LLC,Canada,medium,Chinatown,7:44,19:43,2.3,0
909,"Von, Smith and Cronin",Philippines,medium,Hamilton Heights,7:16,20:23,1.9,0
910,"Konopelski, Zboncak and Cruickshank",China,cheap,Little Italy,7:50,20:15,2.0,0
911,Lynch-Gleason,Philippines,expensive,Flatiron District,8:49,21:11,3.9,0
912,Huel-Rutherford,Canada,medium,Kips Bay,7:15,23:48,3.1,0
913,Vandervort-Kuhn,China,medium,Chelsea,8:54,23:41,3.7,0
914,"Bartoletti, Streich and Trantow",United States,expensive,Carnegie Hill,11:09,23:02,1.1,0
915,Runolfsdottir-Okuneva,China,expensive,Financial District,6:09,22:55,4.7,0
916,Jaskolski-Leuschke,Ukraine,cheap,Lincoln Square,9:25,21:37,4.6,1
917,"Wolff, Pfannerstill and Waelchi",Japan,cheap,Financial District,11:54,18:16,1.5,0
918,Luettgen-Ondricka,China,cheap,Chinatown,7:57,19:27,1.1,0
919,Crooks-Schumm,Philippines,expensive,Harlem,10:19,20:25,4.5,0
920,Hickle and Sons,Tanzania,cheap,Flatiron District,7:27,18:28,2.0,1
921,Volkman-Harris,China,medium,Lower East Side,11:25,22:30,1.7,1
922,Deckow LLC,China,cheap,Manhattan Valley,10:19,21:31,2.4,1
923,Murazik and Sons,Guatemala,medium,East Village,10:39,18:31,2.2,0
924,O'Conner LLC,Indonesia,expensive,Garment District,6:08,22:08,1.5,1
925,Dickens-Murphy,Brazil,expensive,Marble Hill,8:32,21:23,2.8,0
926,Kutch Inc,Uruguay,medium,Battery Park City,8:42,19:41,1.5,0
927,"Gusikowski, Koelpin and Stamm",Czech Republic,cheap,Hamilton Heights,9:33,20:13,3.8,1
928,Von-Crona,China,cheap,East Village,7:27,21:57,1.5,0
929,"Kutch, Bins and Nikolaus",China,expensive,Civic Center,9:18,19:11,2.7,0
930,Senger Group,Sweden,expensive,Little Italy,7:02,18:14,3.2,0
931,Blick-Rohan,Poland,medium,Little Italy,6:05,21:27,2.6,0
932,Konopelski Group,Russia,expensive,Chinatown,6:22,22:10,3.5,1
933,"Keebler, Stoltenberg and Lowe",Palestinian Territory,cheap,Hamilton Heights,6:09,23:03,4.2,0
934,"Zemlak, Schiller and Bernhard",Portugal,medium,Little Italy,6:39,21:24,4.9,0
935,"Senger, Dicki and Labadie",Brazil,expensive,Lenox Hill,7:44,18:08,4.8,0
936,"Dare, Carroll and Will",Russia,cheap,East Harlem,11:11,23:41,3.2,1
937,Wolf-Swift,China,medium,East Harlem,10:07,22:33,4.9,1
938,Steuber and Sons,China,expensive,Manhattanville,8:46,22:21,4.5,0
939,Wuckert Inc,Ukraine,expensive,Hamilton Heights,8:17,20:05,4.1,0
940,Gottlieb-Kautzer,Philippines,cheap,Inwood,11:20,21:49,3.7,0
941,Greenfelder-Pollich,Ireland,medium,Gramercy Park,8:43,18:03,4.6,1
942,"Walsh, Leffler and Osinski",China,medium,Inwood,8:49,22:05,3.6,0
943,Rippin-Ferry,Poland,cheap,Greenwich Village,8:55,18:47,4.7,1
944,Powlowski-Erdman,Ecuador,expensive,Harlem,7:47,18:04,1.0,0
945,Sauer and Sons,China,cheap,Civic Center,6:12,19:26,2.9,0
946,"Koss, Ruecker and Glover",China,medium,Manhattanville,11:00,20:22,4.9,1
947,Schulist Group,Pakistan,cheap,Carnegie Hill,10:40,23:37,3.5,1
948,Crist Inc,China,cheap,Hamilton Heights,6:36,21:35,3.6,0
949,"Hickle, McLaughlin and Kris",Indonesia,cheap,Carnegie Hill,9:04,20:11,2.7,0
950,"Huel, Kreiger and Murray",China,medium,Manhattan Valley,7:25,19:29,5.0,0
951,"Lemke, Robel and Monahan",Morocco,cheap,Manhattanville,6:19,23:31,2.4,1
952,Larkin and Sons,Indonesia,medium,Harlem,7:33,21:08,1.3,0
953,Mertz and Sons,Czech Republic,medium,Gramercy Park,7:53,22:50,1.6,1
954,"O'Kon, Hilpert and Hintz",Brazil,cheap,Gramercy Park,10:05,23:45,4.3,1
955,Ullrich LLC,China,cheap,Chinatown,7:15,18:33,1.4,1
956,Jakubowski Inc,China,expensive,Manhattan Valley,9:57,18:16,1.4,0
957,Schamberger-Reichel,China,cheap,Garment District,8:56,21:17,4.3,0
958,"Bradtke, Hansen and Schaefer",Czech Republic,medium,Gramercy Park,10:03,20:43,3.4,0
959,Lesch and Sons,China,expensive,Lower East Side,9:43,18:45,3.6,1
960,Walker-Schneider,Sweden,expensive,East Harlem,6:28,18:59,4.0,1
961,"Romaguera, Goldner and Gleason",Belarus,cheap,East Harlem,7:15,19:37,2.3,1
962,"Larkin, Daniel and Lind",Afghanistan,medium,East Harlem,9:52,22:11,1.2,1
963,Ankunding Group,China,cheap,Chinatown,7:10,20:20,4.6,0
964,"Maggio, Price and Torphy",China,cheap,Harlem,11:15,21:46,2.9,1
965,"Littel, Johnston and Wehner",Indonesia,medium,Harlem,7:41,21:09,1.1,1
966,Moore Group,Poland,medium,Hell's Kitchen,9:23,22:48,4.6,0
967,"Thompson, Howell and Ernser",Slovenia,cheap,East Harlem,8:19,23:05,1.6,0
968,Rogahn-Stehr,Philippines,medium,Financial District,7:44,22:03,2.5,1
969,Lueilwitz Group,Argentina,expensive,Lenox Hill,11:57,18:31,3.0,0
970,Lakin-Balistreri,China,expensive,Kips Bay,6:26,20:52,4.7,0
971,Rath-Schmidt,Philippines,medium,Chelsea,11:09,19:41,1.2,1
972,"Gerhold, Ondricka and Rempel",France,medium,Hell's Kitchen,8:39,21:00,1.3,1
973,Mante and Sons,Russia,expensive,Harlem,10:25,19:17,2.6,0
974,"Halvorson, Herzog and West",Bulgaria,expensive,Inwood,8:21,22:54,5.0,0
975,"Orn, Grady and Cartwright",China,medium,Garment District,7:06,22:50,2.5,0
976,Emmerich and Sons,China,expensive,Little Italy,10:52,20:58,2.8,0
977,Kreiger and Sons,Portugal,expensive,Chinatown,8:28,21:58,3.8,0
978,"Langosh, Breitenberg and Hermann",Mexico,medium,Lenox Hill,6:16,21:59,1.2,1
979,Walter Inc,Madagascar,cheap,Lenox Hill,8:46,18:31,4.1,0
980,Hyatt-Lubowitz,China,medium,Carnegie Hill,8:21,23:26,4.7,0
981,"Parisian, Nicolas and Ferry",Philippines,medium,Civic Center,9:45,22:22,2.4,0
982,Schamberger-Mosciski,Honduras,cheap,Inwood,10:21,23:45,1.6,0
983,"Herman, Mohr and Conroy",Honduras,medium,Manhattan Valley,7:55,20:25,3.0,0
984,Hauck and Sons,Brazil,expensive,Marble Hill,10:02,23:42,1.6,0
985,Runolfsdottir-Russel,China,medium,Garment District,6:39,21:34,1.5,1
986,"Parker, Daniel and Kling",China,cheap,Kips Bay,8:14,19:50,2.9,0
987,Okuneva-Oberbrunner,Croatia,cheap,Meatpacking District,9:48,22:49,1.7,1
988,Fadel-Rogahn,Zimbabwe,medium,Manhattanville,9:35,18:56,1.5,1
989,Abernathy-Boehm,Sweden,cheap,Meatpacking District,7:20,18:47,2.0,0
990,Price-Lueilwitz,China,medium,East Harlem,6:52,19:47,1.9,0
991,Baumbach Group,Jordan,medium,East Harlem,9:05,21:44,4.0,1
992,Ratke-Simonis,Russia,expensive,Harlem,7:01,21:41,2.3,0
993,Hickle LLC,Ukraine,cheap,Manhattanville,7:06,20:02,3.5,1
994,Schmidt-Quigley,Indonesia,medium,Little Italy,7:49,22:12,3.8,1
995,Kilback and Sons,Indonesia,expensive,Carnegie Hill,6:41,18:59,2.6,1
996,Raynor Group,Portugal,cheap,Lower East Side,10:31,19:45,1.3,1
997,Wisozk LLC,Ukraine,medium,Battery Park City,7:32,18:31,4.3,0
998,"Ondricka, Hirthe and Barrows",Ukraine,expensive,Greenwich Village,11:15,21:32,2.7,1
999,Gibson-Turner,Italy,medium,Carnegie Hill,6:49,20:51,2.3,1
1000,Emmerich Group,Brazil,cheap,Chelsea,6:32,21:30,2.9,1
